dl_page,table,parameter_list,blocks,no,parameter,display,min,max,value_table,control_ac1
33,1,REAL REVERB,Reverb,1,Reverb Time,0.3s – 30.0s,0,69,Table #1,
33,1,REAL REVERB,Reverb,3,Initial Delay Time,0.1ms – 200.0ms,0,127,Table #2,
33,1,REAL REVERB,Reverb,4,High Damp Frequency,"1.0kHz – 18kHz, Thru",34,60,Table #3,
33,1,REAL REVERB,Reverb,6,High Ratio,0.0 – 1.0,0,10,,
33,1,REAL REVERB,Reverb,13,EQ Low Frequency,22Hz – 1.0kHz,1,34,Table #3,
33,1,REAL REVERB,Reverb,14,EQ Low Gain,-12dB – 0dB – +12dB,52,76,,
33,1,REAL REVERB,Reverb,15,EQ High Frequency,500Hz – 18kHz,28,59,Table #3,
33,1,REAL REVERB,Reverb,16,EQ High Gain,-12dB – 0dB – +12dB,52,76,,
33,2,REVERB1,"Reverb, Chorus, Variation, DSP1 – 5",1,Reverb Time,0.3s – 30.0s,0,69,Table #1,
33,2,REVERB1,"Reverb, Chorus, Variation, DSP1 – 5",2,Diffusion,0 – 10,0,10,,
33,2,REVERB1,"Reverb, Chorus, Variation, DSP1 – 5",3,Initial Delay Time,0.1ms – 200.0ms (*1),0,127,Table #2,
33,2,REVERB1,"Reverb, Chorus, Variation, DSP1 – 5",3,Initial Delay Time,0.1ms – 99.3ms (*2),0,63,,
33,2,REVERB1,"Reverb, Chorus, Variation, DSP1 – 5",4,HPF Cutoff Frequency,"Thru, 22Hz – 8.0kHz",0,52,Table #3,
33,2,REVERB1,"Reverb, Chorus, Variation, DSP1 – 5",5,LPF Cutoff Frequency,"1.0kHz – 18kHz, Thru",34,60,Table #3,
33,2,REVERB1,"Reverb, Chorus, Variation, DSP1 – 5",10,Dry/Wet,D63>W – D=W – D<W63,1,127,,yes
33,2,REVERB1,"Reverb, Chorus, Variation, DSP1 – 5",11,Reverb Delay Time,0.1ms – 200.0ms (*1),0,127,Table #2,
33,2,REVERB1,"Reverb, Chorus, Variation, DSP1 – 5",11,Reverb Delay Time,0.1ms – 99.3ms (*2),0,63,,
33,2,REVERB1,"Reverb, Chorus, Variation, DSP1 – 5",12,Density,0 – 4,0,4,,
33,2,REVERB1,"Reverb, Chorus, Variation, DSP1 – 5",13,ER/Reverb Balance,E63>R – E=R – E<R63,1,127,,
33,2,REVERB1,"Reverb, Chorus, Variation, DSP1 – 5",14,High Damp,0.1 – 1.0,1,10,,
33,2,REVERB1,"Reverb, Chorus, Variation, DSP1 – 5",15,Feedback Level,-63 – 0 – +63,1,127,,
33,3,REVERB2,Reverb,1,Reverb Time,0.3s – 30.0s,0,69,Table #1,
33,3,REVERB2,Reverb,2,Diffusion,0 – 10,0,10,,
33,3,REVERB2,Reverb,3,Initial Delay Time,0.1ms – 200.0ms,0,127,Table #2,
33,3,REVERB2,Reverb,4,HPF Cutoff Frequency,"Thru, 22Hz – 8.0kHz",0,52,Table #3,
33,3,REVERB2,Reverb,5,LPF Cutoff Frequency,"1.0kHz – 18kHz, Thru",34,60,Table #3,
33,3,REVERB2,Reverb,14,High Damp,0.1 – 1.0,1,10,,
33,4,REVERB3,"Reverb, Variation, DSP1 – 5",1,Reverb Time,0.3s – 30.0s,0,69,Table #1,
33,4,REVERB3,"Reverb, Variation, DSP1 – 5",2,Diffusion,0 – 10,0,10,,
33,4,REVERB3,"Reverb, Variation, DSP1 – 5",3,Initial Delay Time,0.1ms – 200.0ms (*1),0,127,Table #2,
33,4,REVERB3,"Reverb, Variation, DSP1 – 5",3,Initial Delay Time,0.1ms – 99.3ms (*2),0,63,,
33,4,REVERB3,"Reverb, Variation, DSP1 – 5",4,HPF Cutoff Frequency,"Thru, 22Hz – 8.0kHz",0,52,Table #3,
33,4,REVERB3,"Reverb, Variation, DSP1 – 5",5,LPF Cutoff Frequency,"1.0kHz – 18kHz, Thru",34,60,Table #3,
33,4,REVERB3,"Reverb, Variation, DSP1 – 5",6,Width,0.5m – 30.2m (*1),0,104,Table #4,
33,4,REVERB3,"Reverb, Variation, DSP1 – 5",6,Width,0.5m – 10.2m (*2),0,37,,
33,4,REVERB3,"Reverb, Variation, DSP1 – 5",7,Height,0.5m – 30.2m (*1),0,104,Table #4,
33,4,REVERB3,"Reverb, Variation, DSP1 – 5",7,Height,0.5m – 20.2m (*2),0,73,,
33,4,REVERB3,"Reverb, Variation, DSP1 – 5",8,Depth,0.5m – 30.2m,0,104,Table #4,
33,4,REVERB3,"Reverb, Variation, DSP1 – 5",9,Wall Vary,0 – 30,0,30,,
33,4,REVERB3,"Reverb, Variation, DSP1 – 5",10,Dry/Wet,D63>W – D=W – D<W63,1,127,,yes
33,4,REVERB3,"Reverb, Variation, DSP1 – 5",11,Reverb Delay Time,0.1ms – 200.0ms (*1),0,127,Table #2,
33,4,REVERB3,"Reverb, Variation, DSP1 – 5",11,Reverb Delay Time,0.1ms – 99.3ms (*2),0,63,,
33,4,REVERB3,"Reverb, Variation, DSP1 – 5",12,Density,0 – 4,0,4,,
33,4,REVERB3,"Reverb, Variation, DSP1 – 5",13,ER/Reverb Balance,E63>R – E=R – E<R63,1,127,,
33,4,REVERB3,"Reverb, Variation, DSP1 – 5",14,High Damp,0.1 – 1.0,1,10,,
33,4,REVERB3,"Reverb, Variation, DSP1 – 5",15,Feedback Level,-63 – 0 – +63,1,127,,
33,0,REAL PIANO REVERB,Reverb,,(no parameters),,,,,
33,6,DELAY LCR,"Variation, DSP1 – 5",1,Lch Delay,0.1ms – 1.6383s,1,16383,,
33,6,DELAY LCR,"Variation, DSP1 – 5",2,Rch Delay,0.1ms – 1.6383s,1,16383,,
33,6,DELAY LCR,"Variation, DSP1 – 5",3,Cch Delay,0.1ms – 1.6383s,1,16383,,
33,6,DELAY LCR,"Variation, DSP1 – 5",4,Feedback Delay Time,0.1ms – 1.6383s,1,16383,,
33,6,DELAY LCR,"Variation, DSP1 – 5",5,Feedback Level,-63 – 0 – +63,1,127,,
33,6,DELAY LCR,"Variation, DSP1 – 5",6,Cch Level,0 – 127,0,127,,
33,6,DELAY LCR,"Variation, DSP1 – 5",7,Feedback High Damp,0.1 – 1.0,1,10,,
33,6,DELAY LCR,"Variation, DSP1 – 5",10,Dry/Wet,D63>W – D=W – D<W63,1,127,,yes
33,6,DELAY LCR,"Variation, DSP1 – 5",13,EQ Low Frequency,32Hz – 2.0kHz,4,40,Table #3,
33,6,DELAY LCR,"Variation, DSP1 – 5",14,EQ Low Gain,-12dB – 0dB – +12dB,52,76,,
33,6,DELAY LCR,"Variation, DSP1 – 5",15,EQ High Frequency,500Hz – 16kHz,28,58,Table #3,
33,6,DELAY LCR,"Variation, DSP1 – 5",16,EQ High Gain,-12dB – 0dB – +12dB,52,76,,
34,1,DELAY LR,"Variation, DSP1 – 5",1,Lch Delay Time,0.1ms – 1.6383s,1,16383,,
34,1,DELAY LR,"Variation, DSP1 – 5",2,Rch Delay Time,0.1ms – 1.6383s,1,16383,,
34,1,DELAY LR,"Variation, DSP1 – 5",3,Feedback Delay 1,0.1ms – 1.6383s,1,16383,,
34,1,DELAY LR,"Variation, DSP1 – 5",,Time,,,,,
34,1,DELAY LR,"Variation, DSP1 – 5",4,Feedback Delay 2,0.1ms – 1.6383s,1,16383,,
34,1,DELAY LR,"Variation, DSP1 – 5",,Time,,,,,
34,1,DELAY LR,"Variation, DSP1 – 5",5,Feedback Level,-63 – 0 – +63,1,127,,
34,1,DELAY LR,"Variation, DSP1 – 5",6,Feedback High Damp,0.1 – 1.0,1,10,,
34,1,DELAY LR,"Variation, DSP1 – 5",10,Dry/Wet,D63>W – D=W – D<W63,1,127,,yes
34,1,DELAY LR,"Variation, DSP1 – 5",13,EQ Low Frequency,32Hz – 2.0kHz,4,40,Table #3,
34,1,DELAY LR,"Variation, DSP1 – 5",14,EQ Low Gain,-12dB – 0dB – +12dB,52,76,,
34,1,DELAY LR,"Variation, DSP1 – 5",15,EQ High Frequency,500Hz – 16kHz,28,58,Table #3,
34,1,DELAY LR,"Variation, DSP1 – 5",16,EQ High Gain,-12dB – 0dB – +12dB,52,76,,
34,2,ECHO,"Variation, DSP1 – 5",1,Lch Delay 1 Time,0.1ms – 1.4860s,1,14860,,
34,2,ECHO,"Variation, DSP1 – 5",2,Lch Feedback Level,-63 – 0 – +63,1,127,,
34,2,ECHO,"Variation, DSP1 – 5",3,Rch Delay 1 Time,0.1ms – 1.4860s,1,14860,,
34,2,ECHO,"Variation, DSP1 – 5",4,Rch Feedback Level,-63 – 0 – +63,1,127,,
34,2,ECHO,"Variation, DSP1 – 5",5,Feedback High Damp,0.1 – 1.0,1,10,,
34,2,ECHO,"Variation, DSP1 – 5",6,Lch Delay 2 Time,0.1ms – 1.4860s,1,14860,,
34,2,ECHO,"Variation, DSP1 – 5",7,Rch Delay 2 Time,0.1ms – 1.4860s,1,14860,,
34,2,ECHO,"Variation, DSP1 – 5",8,Delay 2 Level,0 – 127,0,127,,
34,2,ECHO,"Variation, DSP1 – 5",10,Dry/Wet,D63>W – D=W – D<W63,1,127,,yes
34,2,ECHO,"Variation, DSP1 – 5",13,EQ Low Frequency,32Hz – 2.0kHz,4,40,Table #3,
34,2,ECHO,"Variation, DSP1 – 5",14,EQ Low Gain,-12dB – 0dB – +12dB,52,76,,
34,2,ECHO,"Variation, DSP1 – 5",15,EQ High Frequency,500Hz – 16kHz,28,58,Table #3,
34,2,ECHO,"Variation, DSP1 – 5",16,EQ High Gain,-12dB – 0dB – +12dB,52,76,,
34,3,CROSS DELAY,"Variation, DSP1 – 5",1,L->R Delay Time,0.1ms – 1.4860s,1,14860,,
34,3,CROSS DELAY,"Variation, DSP1 – 5",2,R->L Delay Time,0.1ms – 1.4860s,1,14860,,
34,3,CROSS DELAY,"Variation, DSP1 – 5",3,Feedback Level,-63 – 0 – +63,1,127,,
34,3,CROSS DELAY,"Variation, DSP1 – 5",4,Input Select,"L, R, L&R",0,2,,
34,3,CROSS DELAY,"Variation, DSP1 – 5",5,Feedback High Damp,0.1 – 1.0,1,10,,
34,3,CROSS DELAY,"Variation, DSP1 – 5",10,Dry/Wet,D63>W – D=W – D<W63,1,127,,yes
34,3,CROSS DELAY,"Variation, DSP1 – 5",13,EQ Low Frequency,32Hz – 2.0kHz,4,40,Table #3,
34,3,CROSS DELAY,"Variation, DSP1 – 5",14,EQ Low Gain,-12dB – 0dB – +12dB,52,76,,
34,3,CROSS DELAY,"Variation, DSP1 – 5",15,EQ High Frequency,500Hz – 16kHz,28,58,Table #3,
34,3,CROSS DELAY,"Variation, DSP1 – 5",16,EQ High Gain,-12dB – 0dB – +12dB,52,76,,
34,4,TEMPO DELAY,"Chorus, Variation, DSP1 – 5",1,Delay Time,32nd/3 – 4thx6,0,19,Table #5,
34,4,TEMPO DELAY,"Chorus, Variation, DSP1 – 5",2,Feedback Level,-63 – 0 – +63,1,127,,
34,4,TEMPO DELAY,"Chorus, Variation, DSP1 – 5",3,Feedback High Dump,0.1 – 1.0,1,10,,
34,4,TEMPO DELAY,"Chorus, Variation, DSP1 – 5",4,L/R Diffusion,-63ms – 0ms – 63ms,1,127,,
34,4,TEMPO DELAY,"Chorus, Variation, DSP1 – 5",5,Lag,-63ms – 0ms – 63ms,1,127,,
34,4,TEMPO DELAY,"Chorus, Variation, DSP1 – 5",10,Dry/Wet,D63>W – D=W – D<W63,1,127,,yes
34,4,TEMPO DELAY,"Chorus, Variation, DSP1 – 5",13,EQ Low Frequency,32Hz – 2.0kHz,4,40,Table #3,
34,4,TEMPO DELAY,"Chorus, Variation, DSP1 – 5",14,EQ Low Gain,-12dB – 0dB – +12dB,52,76,,
34,4,TEMPO DELAY,"Chorus, Variation, DSP1 – 5",15,EQ High Frequency,500Hz – 16kHz,28,58,Table #3,
34,4,TEMPO DELAY,"Chorus, Variation, DSP1 – 5",16,EQ High Gain,-12dB – 0dB – +12dB,52,76,,
34,5,TEMPO CROSS DELAY,"Chorus, Variation, DSP1 – 5",1,Delay Time L>R,32nd/3 – 4thx6,0,19,Table #5,
34,5,TEMPO CROSS DELAY,"Chorus, Variation, DSP1 – 5",2,Delay Time R>L,32nd/3 – 4thx6,0,19,Table #5,
34,5,TEMPO CROSS DELAY,"Chorus, Variation, DSP1 – 5",3,Feedback Level,-63 – 0 – +63,1,127,,
34,5,TEMPO CROSS DELAY,"Chorus, Variation, DSP1 – 5",4,Input Select,"L, R, L&R",0,2,,
34,5,TEMPO CROSS DELAY,"Chorus, Variation, DSP1 – 5",5,Feedback High Damp,0.1 – 1.0,1,10,,
34,5,TEMPO CROSS DELAY,"Chorus, Variation, DSP1 – 5",6,Lag,-63ms – 0ms – 63ms,1,127,,
34,5,TEMPO CROSS DELAY,"Chorus, Variation, DSP1 – 5",10,Dry/Wet,D63>W – D=W – D<W63,1,127,,yes
34,5,TEMPO CROSS DELAY,"Chorus, Variation, DSP1 – 5",13,EQ Low Frequency,32Hz – 2.0kHz,4,40,Table #3,
34,5,TEMPO CROSS DELAY,"Chorus, Variation, DSP1 – 5",14,EQ Low Gain,-12dB – 0dB – +12dB,52,76,,
34,5,TEMPO CROSS DELAY,"Chorus, Variation, DSP1 – 5",15,EQ High Frequency,500Hz – 16kHz,28,58,Table #3,
34,5,TEMPO CROSS DELAY,"Chorus, Variation, DSP1 – 5",16,EQ High Gain,-12dB – 0dB – +12dB,52,76,,
34,6,KARAOKE,"Chorus, Variation, DSP1 – 5",1,Delay Time,0.1ms – 400.0ms,0,127,Table #6,
34,6,KARAOKE,"Chorus, Variation, DSP1 – 5",2,Feedback Level,-63 – 0 – +63,1,127,,
34,6,KARAOKE,"Chorus, Variation, DSP1 – 5",3,HPF Cutoff Frequency,"Thru, 22Hz – 8.0kHz",0,52,Table #3,
34,6,KARAOKE,"Chorus, Variation, DSP1 – 5",4,LPF Cutoff Frequency,"1.0kHz – 18kHz, Thru",34,60,Table #3,
34,6,KARAOKE,"Chorus, Variation, DSP1 – 5",10,Dry/Wet,D63>W – D=W – D<W63,1,127,,yes
34,6,KARAOKE,"Chorus, Variation, DSP1 – 5",11,Density,0 – 3,0,3,,
34,7,EARLY REFLECTION,"Chorus, Variation, DSP1 – 5",1,Type,"S-H, L-H, Rdm, Rvs, Plt, Spr",0,5,,
34,7,EARLY REFLECTION,"Chorus, Variation, DSP1 – 5",2,Room Size,0.1 – 20.0,0,127,Table #7,
34,7,EARLY REFLECTION,"Chorus, Variation, DSP1 – 5",3,Diffusion,0 – 10,0,10,,
34,7,EARLY REFLECTION,"Chorus, Variation, DSP1 – 5",4,Initial Delay Time,0.1ms – 200.0ms,0,127,Table #2,
34,7,EARLY REFLECTION,"Chorus, Variation, DSP1 – 5",5,Feedback Level,-63 – 0 – +63,1,127,,
34,7,EARLY REFLECTION,"Chorus, Variation, DSP1 – 5",6,HPF Cutoff Frequency,"Thru, 22Hz – 8.0kHz",0,52,Table #3,
34,7,EARLY REFLECTION,"Chorus, Variation, DSP1 – 5",7,LPF Cutoff Frequency,"1.0kHz – 18kHz, Thru",34,60,Table #3,
34,7,EARLY REFLECTION,"Chorus, Variation, DSP1 – 5",10,Dry/Wet,D63>W – D=W – D<W63,1,127,,yes
34,7,EARLY REFLECTION,"Chorus, Variation, DSP1 – 5",11,Liveness,0 – 10,0,10,,
34,7,EARLY REFLECTION,"Chorus, Variation, DSP1 – 5",12,Density,0 – 3,0,3,,
34,7,EARLY REFLECTION,"Chorus, Variation, DSP1 – 5",13,High Damp,0.1 – 1.0,1,10,,
34,8,GATE REVERB,"Variation, DSP1 – 5",1,Type,"TypeA, TypeB",0,1,,
34,8,GATE REVERB,"Variation, DSP1 – 5",2,Room Size,0.1 – 20.0,0,127,Table #7,
34,8,GATE REVERB,"Variation, DSP1 – 5",3,Diffusion,0 – 10,0,10,,
34,8,GATE REVERB,"Variation, DSP1 – 5",4,Initial Delay Time,0.1ms – 200.0ms,0,127,Table #2,
34,8,GATE REVERB,"Variation, DSP1 – 5",5,Feedback Level,-63 – 0 – +63,1,127,,
34,8,GATE REVERB,"Variation, DSP1 – 5",6,HPF Cutoff Frequency,"Thru, 22Hz – 8.0kHz",0,52,Table #3,
34,8,GATE REVERB,"Variation, DSP1 – 5",7,LPF Cutoff Frequency,"1.0kHz – 18kHz, Thru",34,60,Table #3,
34,8,GATE REVERB,"Variation, DSP1 – 5",10,Dry/Wet,D63>W – D=W – D<W63,1,127,,yes
34,8,GATE REVERB,"Variation, DSP1 – 5",11,Liveness,0 – 10,0,10,,
34,8,GATE REVERB,"Variation, DSP1 – 5",12,Density,0 – 3,0,3,,
34,8,GATE REVERB,"Variation, DSP1 – 5",13,High Damp,0.1 – 1.0,1,10,,
35,1,CHORUS,"Chorus, Variation, DSP1 – 5",1,LFO Frequency,0.00Hz – 39.7Hz,0,127,Table #8,
35,1,CHORUS,"Chorus, Variation, DSP1 – 5",2,LFO Depth,0 – 127,0,127,,
35,1,CHORUS,"Chorus, Variation, DSP1 – 5",3,Feedback Level,-63 – 0 – +63,1,127,,
35,1,CHORUS,"Chorus, Variation, DSP1 – 5",4,Delay Offset,0.0ms – 50.0ms,0,127,Table #9,
35,1,CHORUS,"Chorus, Variation, DSP1 – 5",6,EQ Low Frequency,32Hz – 2.0kHz,4,40,Table #3,
35,1,CHORUS,"Chorus, Variation, DSP1 – 5",7,EQ Low Gain,-12dB – 0dB – +12dB,52,76,,
35,1,CHORUS,"Chorus, Variation, DSP1 – 5",8,EQ High Frequency,500Hz – 16kHz,28,58,Table #3,
35,1,CHORUS,"Chorus, Variation, DSP1 – 5",9,EQ High Gain,-12dB – 0dB – +12dB,52,76,,
35,1,CHORUS,"Chorus, Variation, DSP1 – 5",10,Dry/Wet,D63>W – D=W – D<W63,1,127,,yes
35,1,CHORUS,"Chorus, Variation, DSP1 – 5",11,EQ Mid Frequency,100Hz – 10kHz,14,54,Table #3,
35,1,CHORUS,"Chorus, Variation, DSP1 – 5",12,EQ Mid Gain,-12dB – 0dB – +12dB,52,76,,
35,1,CHORUS,"Chorus, Variation, DSP1 – 5",13,EQ Mid Width,0.1 – 12.0,1,120,,
35,1,CHORUS,"Chorus, Variation, DSP1 – 5",15,Input Mode,"Mono, Stereo",0,1,,
35,2,SYMPHONIC,"Chorus, Variation, DSP1 – 5",1,LFO Frequency,0.00Hz – 39.7Hz,0,127,Table #8,
35,2,SYMPHONIC,"Chorus, Variation, DSP1 – 5",2,LFO Depth,0 – 127,0,127,,
35,2,SYMPHONIC,"Chorus, Variation, DSP1 – 5",3,Delay Offset,0.0ms – 50.0ms,0,127,Table #9,
35,2,SYMPHONIC,"Chorus, Variation, DSP1 – 5",6,EQ Low Frequency,32Hz – 2.0kHz,4,40,Table #3,
35,2,SYMPHONIC,"Chorus, Variation, DSP1 – 5",7,EQ Low Gain,-12dB – 0dB – +12dB,52,76,,
35,2,SYMPHONIC,"Chorus, Variation, DSP1 – 5",8,EQ High Frequency,500Hz – 16kHz,28,58,Table #3,
35,2,SYMPHONIC,"Chorus, Variation, DSP1 – 5",9,EQ High Gain,-12dB – 0dB – +12dB,52,76,,
35,2,SYMPHONIC,"Chorus, Variation, DSP1 – 5",10,Dry/Wet,D63>W – D=W – D<W63,1,127,,yes
35,2,SYMPHONIC,"Chorus, Variation, DSP1 – 5",11,EQ Mid Frequency,100Hz – 10kHz,14,54,Table #3,
35,2,SYMPHONIC,"Chorus, Variation, DSP1 – 5",12,EQ Mid Gain,-12dB – 0dB – +12dB,52,76,,
35,2,SYMPHONIC,"Chorus, Variation, DSP1 – 5",13,EQ Mid Width,0.1 – 12.0,1,120,,
35,3,ENSEMBLE DETUNE,"Chorus, Variation, DSP1 – 5",1,Detune,-50cent – 0cent – +50cent,14,114,,
35,3,ENSEMBLE DETUNE,"Chorus, Variation, DSP1 – 5",2,Lch Initial Delay Time,0.0ms – 50.0ms,0,127,Table #9,
35,3,ENSEMBLE DETUNE,"Chorus, Variation, DSP1 – 5",3,Rch Initial Delay Time,0.0ms – 50.0ms,0,127,Table #9,
35,3,ENSEMBLE DETUNE,"Chorus, Variation, DSP1 – 5",10,Dry/Wet,D63>W – D=W – D<W63,1,127,,yes
35,3,ENSEMBLE DETUNE,"Chorus, Variation, DSP1 – 5",11,EQ Low Frequency,32Hz – 2.0kHz,4,40,Table #3,
35,3,ENSEMBLE DETUNE,"Chorus, Variation, DSP1 – 5",12,EQ Low Gain,-12dB – 0dB – +12dB,52,76,,
35,3,ENSEMBLE DETUNE,"Chorus, Variation, DSP1 – 5",13,EQ High Frequency,500Hz – 16kHz,28,58,Table #3,
35,3,ENSEMBLE DETUNE,"Chorus, Variation, DSP1 – 5",14,EQ High Gain,-12dB – 0dB – +12dB,52,76,,
35,4,AMBIENCE CHORUS,"Variation, DSP1 – 5",1,LFO Frequency,0.00Hz – 39.7Hz,0,127,Table #8,
35,4,AMBIENCE CHORUS,"Variation, DSP1 – 5",2,LFO PMod Depth,0 – 127,0,127,,
35,4,AMBIENCE CHORUS,"Variation, DSP1 – 5",3,Feedback Level,-63 – 0 – +63,1,127,,
35,4,AMBIENCE CHORUS,"Variation, DSP1 – 5",4,Delay Offset,0.0ms – 50.0ms,0,127,Table #9,
35,4,AMBIENCE CHORUS,"Variation, DSP1 – 5",5,LFO AMod Depth,0 – 127,0,127,,
35,4,AMBIENCE CHORUS,"Variation, DSP1 – 5",10,Dry/Wet,D63>W – D=W – D<W63,1,127,,yes
35,4,AMBIENCE CHORUS,"Variation, DSP1 – 5",14,Ambience,0 – 127,0,127,,
35,4,AMBIENCE CHORUS,"Variation, DSP1 – 5",16,Connect Mode,"Amb->Cho, Cho->Amb",0,1,,
35,5,AMBIENCE SYMPHONIC,"Variation, DSP1 – 5",1,LFO Frequency,0.00Hz – 39.7Hz,0,127,Table #8,
35,5,AMBIENCE SYMPHONIC,"Variation, DSP1 – 5",2,LFO Depth,0 – 127,0,127,,
35,5,AMBIENCE SYMPHONIC,"Variation, DSP1 – 5",3,Delay Offset,0.0ms – 50.0ms,0,127,Table #9,
35,5,AMBIENCE SYMPHONIC,"Variation, DSP1 – 5",10,Dry/Wet,D63>W – D=W – D<W63,1,127,,yes
35,5,AMBIENCE SYMPHONIC,"Variation, DSP1 – 5",14,Ambience,0 – 127,0,127,,
35,5,AMBIENCE SYMPHONIC,"Variation, DSP1 – 5",16,Connect Mode,"Amb->Sym, Sym->Amb",0,1,,
35,6,FLANGER,"Chorus, Variation, DSP1 – 5",1,LFO Frequency,0.00Hz – 39.7Hz,0,127,Table #8,
35,6,FLANGER,"Chorus, Variation, DSP1 – 5",2,LFO Depth,0 – 127,0,127,,
35,6,FLANGER,"Chorus, Variation, DSP1 – 5",3,Feedback Level,-63 – 0 – +63,1,127,,
35,6,FLANGER,"Chorus, Variation, DSP1 – 5",4,Delay Offset,0.0ms – 50.0ms,0,127,Table #9,
35,6,FLANGER,"Chorus, Variation, DSP1 – 5",6,EQ Low Frequency,32Hz – 2.0kHz,4,40,Table #3,
35,6,FLANGER,"Chorus, Variation, DSP1 – 5",7,EQ Low Gain,-12dB – 0dB – +12dB,52,76,,
35,6,FLANGER,"Chorus, Variation, DSP1 – 5",8,EQ High Frequency,500Hz – 16kHz,28,58,Table #3,
35,6,FLANGER,"Chorus, Variation, DSP1 – 5",9,EQ High Gain,-12dB – 0dB – +12dB,52,76,,
35,6,FLANGER,"Chorus, Variation, DSP1 – 5",10,Dry/Wet,D63>W – D=W – D<W63,1,127,,yes
35,6,FLANGER,"Chorus, Variation, DSP1 – 5",11,EQ Mid Frequency,100Hz – 10kHz,14,54,Table #3,
35,6,FLANGER,"Chorus, Variation, DSP1 – 5",12,EQ Mid Gain,-12dB – 0dB – +12dB,52,76,,
35,6,FLANGER,"Chorus, Variation, DSP1 – 5",13,EQ Mid Width,0.1 – 12.0,1,120,,
35,6,FLANGER,"Chorus, Variation, DSP1 – 5",14,LFO Phase Difference,-180deg – 0deg – +180deg,4,124,,
35,6,FLANGER,"Chorus, Variation, DSP1 – 5",14,LFO Phase Difference,(resolution=3deg.),,,,
35,7,V FLANGER,"Variation, DSP1 – 5",1,LFO Frequency,0.00Hz – 39.7Hz,0,127,Table #8,
35,7,V FLANGER,"Variation, DSP1 – 5",2,LFO Depth,0 – 127,0,127,,
35,7,V FLANGER,"Variation, DSP1 – 5",3,LFO Wave,"Triangle, Sine, Random",0,2,,
35,7,V FLANGER,"Variation, DSP1 – 5",4,Delay Offset,0.09ms – 36.21ms,0,139,Table #11,
35,7,V FLANGER,"Variation, DSP1 – 5",5,Feedback Level,-100% – 0% – +100%,0,200,,
35,7,V FLANGER,"Variation, DSP1 – 5",6,EQ Low Frequency,32Hz – 2.0kHz,4,40,Table #3,
35,7,V FLANGER,"Variation, DSP1 – 5",7,EQ Low Gain,-12dB – 0dB – +12dB,52,76,,
35,7,V FLANGER,"Variation, DSP1 – 5",8,EQ High Frequency,500Hz – 16kHz,28,58,Table #3,
35,7,V FLANGER,"Variation, DSP1 – 5",9,EQ High Gain,-12dB – 0dB – +12dB,52,76,,
35,7,V FLANGER,"Variation, DSP1 – 5",10,Dry/Wet,D63>W – D=W – D<W63,1,127,,yes
35,7,V FLANGER,"Variation, DSP1 – 5",11,EQ Mid Frequency,100Hz – 10kHz,14,54,Table #3,
35,7,V FLANGER,"Variation, DSP1 – 5",12,EQ Mid Gain,-12dB – 0dB – +12dB,52,76,,
35,7,V FLANGER,"Variation, DSP1 – 5",13,EQ Mid Width,0.1 – 12.0,1,120,,
35,7,V FLANGER,"Variation, DSP1 – 5",14,Modulation Phase,-180deg – 0deg – +180deg,0,16,Table #12,
35,7,V FLANGER,"Variation, DSP1 – 5",15,Feedback High Damp,0.1 – 1.0,1,10,,
35,7,V FLANGER,"Variation, DSP1 – 5",16,Analog Feel,0 – 10,0,10,,
35,8,TEMPO FLANGER,"Chorus, Variation, DSP1 – 5",1,LFO Frequency,16th – 4thx16,5,29,Table #5,
35,8,TEMPO FLANGER,"Chorus, Variation, DSP1 – 5",2,LFO Depth,0 – 127,0,127,,
35,8,TEMPO FLANGER,"Chorus, Variation, DSP1 – 5",3,Feedback Level,-63 – 0 – +63,1,127,,
35,8,TEMPO FLANGER,"Chorus, Variation, DSP1 – 5",4,Delay Offset,0.0ms – 50.0ms,0,127,Table #9,
35,8,TEMPO FLANGER,"Chorus, Variation, DSP1 – 5",6,EQ Low Frequency,32Hz – 2.0kHz,4,40,Table #3,
35,8,TEMPO FLANGER,"Chorus, Variation, DSP1 – 5",7,EQ Low Gain,-12dB – 0dB – +12dB,52,76,,
35,8,TEMPO FLANGER,"Chorus, Variation, DSP1 – 5",8,EQ High Frequency,500Hz – 16kHz,28,58,Table #3,
35,8,TEMPO FLANGER,"Chorus, Variation, DSP1 – 5",9,EQ High Gain,-12dB – 0dB – +12dB,52,76,,
35,8,TEMPO FLANGER,"Chorus, Variation, DSP1 – 5",10,Dry/Wet,D63>W – D=W – D<W63,1,127,,yes
35,8,TEMPO FLANGER,"Chorus, Variation, DSP1 – 5",11,EQ Mid Frequency,100Hz – 10kHz,14,54,Table #3,
35,8,TEMPO FLANGER,"Chorus, Variation, DSP1 – 5",12,EQ Mid Gain,-12dB – 0dB – +12dB,52,76,,
35,8,TEMPO FLANGER,"Chorus, Variation, DSP1 – 5",13,EQ Mid Width,0.1 – 12.0,1,120,,
35,8,TEMPO FLANGER,"Chorus, Variation, DSP1 – 5",14,LFO Phase Difference,-180deg – 0deg – +180deg,4,124,,
35,8,TEMPO FLANGER,"Chorus, Variation, DSP1 – 5",14,LFO Phase Difference,(resolution=3deg.),,,,
36,1,DYNAMIC FLANGER,"Variation, DSP1 – 5",1,Sensitivity,0 – 127,0,127,,yes
36,1,DYNAMIC FLANGER,"Variation, DSP1 – 5",2,Delay Time Offset,0 – 127,0,127,,
36,1,DYNAMIC FLANGER,"Variation, DSP1 – 5",3,Feedback Level,-63 – 0 – +63,1,127,,
36,1,DYNAMIC FLANGER,"Variation, DSP1 – 5",4,Attack Time,0.3ms – 227ms,0,127,Table #13,
36,1,DYNAMIC FLANGER,"Variation, DSP1 – 5",5,Release Time,2.6ms – 2171.4ms,0,127,Table #14,
36,1,DYNAMIC FLANGER,"Variation, DSP1 – 5",6,Release Curve,0 – 127,0,127,,
36,1,DYNAMIC FLANGER,"Variation, DSP1 – 5",7,Direction,"Up, Down",0,1,,
36,1,DYNAMIC FLANGER,"Variation, DSP1 – 5",8,Dyna Threshold Level,0 – 127,0,127,,
36,1,DYNAMIC FLANGER,"Variation, DSP1 – 5",9,Dyna Level Offset,0 – 127,0,127,,
36,1,DYNAMIC FLANGER,"Variation, DSP1 – 5",10,Dry/Wet,D63>W – D=W – D<W63,1,127,,
36,1,DYNAMIC FLANGER,"Variation, DSP1 – 5",13,EQ Low Frequency,32Hz – 2.0kHz,4,40,Table #3,
36,1,DYNAMIC FLANGER,"Variation, DSP1 – 5",14,EQ Low Gain,-12dB – 0dB – +12dB,52,76,,
36,1,DYNAMIC FLANGER,"Variation, DSP1 – 5",15,EQ High Frequency,500Hz – 16kHz,28,58,Table #3,
36,1,DYNAMIC FLANGER,"Variation, DSP1 – 5",16,EQ High Gain,-12dB – 0dB – +12dB,52,76,,
36,2,AMBIENCE FLANGER,"Variation, DSP1 – 5",1,LFO Frequency,0.00Hz – 39.7Hz,0,127,Table #8,
36,2,AMBIENCE FLANGER,"Variation, DSP1 – 5",2,LFO Depth,0 – 127,0,127,,
36,2,AMBIENCE FLANGER,"Variation, DSP1 – 5",3,Feedback Level,-63 – 0 – +63,1,127,,
36,2,AMBIENCE FLANGER,"Variation, DSP1 – 5",4,Delay Offset,0.0ms – 50ms,0,127,Table #9,
36,2,AMBIENCE FLANGER,"Variation, DSP1 – 5",10,Dry/Wet,D63>W – D=W – D<W63,1,127,,yes
36,2,AMBIENCE FLANGER,"Variation, DSP1 – 5",14,LFO Phase Difference,-180deg – 0deg – +180deg,4,124,,
36,2,AMBIENCE FLANGER,"Variation, DSP1 – 5",14,LFO Phase Difference,(resolution=3deg.),,,,
36,2,AMBIENCE FLANGER,"Variation, DSP1 – 5",15,Ambience,0 – 127,0,127,,
36,2,AMBIENCE FLANGER,"Variation, DSP1 – 5",16,Connect Mode,"Amb->Flg, Flg->Amb",0,1,,
36,3,PHASER1,"Chorus, Variation, DSP1 – 5",1,LFO Frequency,0.00Hz – 39.7Hz,0,127,Table #8,
36,3,PHASER1,"Chorus, Variation, DSP1 – 5",2,LFO Depth,0 – 127,0,127,,
36,3,PHASER1,"Chorus, Variation, DSP1 – 5",3,Phase Shift Offset,0 – 127,0,127,,
36,3,PHASER1,"Chorus, Variation, DSP1 – 5",4,Feedback Level,-63 – 0 – +63,1,127,,
36,3,PHASER1,"Chorus, Variation, DSP1 – 5",6,EQ Low Frequency,32Hz – 2.0kHz,4,40,Table #3,
36,3,PHASER1,"Chorus, Variation, DSP1 – 5",7,EQ Low Gain,-12dB – 0dB – +12dB,52,76,,
36,3,PHASER1,"Chorus, Variation, DSP1 – 5",8,EQ High Frequency,500Hz – 16kHz,28,58,Table #3,
36,3,PHASER1,"Chorus, Variation, DSP1 – 5",9,EQ High Gain,-12dB – 0dB – +12dB,52,76,,
36,3,PHASER1,"Chorus, Variation, DSP1 – 5",10,Dry/Wet,D63>W – D=W – D<W63,1,127,,yes
36,3,PHASER1,"Chorus, Variation, DSP1 – 5",11,Stage,4 – 22,4,22,,
36,3,PHASER1,"Chorus, Variation, DSP1 – 5",12,Diffusion,"Mono, Stereo",0,1,,
36,4,PHASER2,"Chorus, Variation, DSP1 – 5",1,LFO Frequency,0.00Hz – 39.7Hz,0,127,Table #8,
36,4,PHASER2,"Chorus, Variation, DSP1 – 5",2,LFO Depth,0 – 127,0,127,,
36,4,PHASER2,"Chorus, Variation, DSP1 – 5",3,Phase Shift Offset,0 – 127,0,127,,
36,4,PHASER2,"Chorus, Variation, DSP1 – 5",4,Feedback Level,-63 – 0 – +63,1,127,,
36,4,PHASER2,"Chorus, Variation, DSP1 – 5",6,EQ Low Frequency,32Hz – 2.0kHz,4,40,Table #3,
36,4,PHASER2,"Chorus, Variation, DSP1 – 5",7,EQ Low Gain,-12dB – 0dB – +12dB,52,76,,
36,4,PHASER2,"Chorus, Variation, DSP1 – 5",8,EQ High Frequency,500Hz – 16kHz,28,58,Table #3,
36,4,PHASER2,"Chorus, Variation, DSP1 – 5",9,EQ High Gain,-12dB – 0dB – +12dB,52,76,,
36,4,PHASER2,"Chorus, Variation, DSP1 – 5",10,Dry/Wet,D63>W – D=W – D<W63,1,127,,yes
36,4,PHASER2,"Chorus, Variation, DSP1 – 5",11,Stage,3 – 11,3,11,,
36,4,PHASER2,"Chorus, Variation, DSP1 – 5",13,LFO Phase Difference,-180deg – 0deg – +180deg,4,124,,
36,4,PHASER2,"Chorus, Variation, DSP1 – 5",13,LFO Phase Difference,(resolution=3deg.),,,,
36,5,TEMPO PHASER,"Chorus, Variation, DSP1 – 5",1,LFO Frequency,16th – 4thx16,5,29,Table #5,
36,5,TEMPO PHASER,"Chorus, Variation, DSP1 – 5",2,LFO Depth,0 – 127,0,127,,
36,5,TEMPO PHASER,"Chorus, Variation, DSP1 – 5",3,Phase Shift Offset,0 – 127,0,127,,
36,5,TEMPO PHASER,"Chorus, Variation, DSP1 – 5",4,Feedback Level,-63 – 0 – +63,1,127,,
36,5,TEMPO PHASER,"Chorus, Variation, DSP1 – 5",6,EQ Low Frequency,32Hz – 2.0kHz,4,40,Table #3,
36,5,TEMPO PHASER,"Chorus, Variation, DSP1 – 5",7,EQ Low Gain,-12dB – 0dB – +12dB,52,76,,
36,5,TEMPO PHASER,"Chorus, Variation, DSP1 – 5",8,EQ High Frequency,500Hz – 16kHz,28,58,Table #3,
36,5,TEMPO PHASER,"Chorus, Variation, DSP1 – 5",9,EQ High Gain,-12dB – 0dB – +12dB,52,76,,
36,5,TEMPO PHASER,"Chorus, Variation, DSP1 – 5",10,Dry/Wet,D63>W – D=W – D<W63,1,127,,yes
36,5,TEMPO PHASER,"Chorus, Variation, DSP1 – 5",11,Stage,3 – 11,3,11,,
36,5,TEMPO PHASER,"Chorus, Variation, DSP1 – 5",13,LFO Phase Difference,-180deg – 0deg – +180deg,4,124,,
36,5,TEMPO PHASER,"Chorus, Variation, DSP1 – 5",13,LFO Phase Difference,(resolution=3deg.),,,,
36,6,DYNAMIC PHASER,"Variation, DSP1 – 5",1,Sensitivity,0 – 127,0,127,,yes
36,6,DYNAMIC PHASER,"Variation, DSP1 – 5",2,Dyna Level Offset,0 – 127,0,127,,
36,6,DYNAMIC PHASER,"Variation, DSP1 – 5",3,Feedback Level,-63 – 0 – +63,1,127,,
36,6,DYNAMIC PHASER,"Variation, DSP1 – 5",4,Attack Time,0.3ms – 227ms,0,127,Table #13,
36,6,DYNAMIC PHASER,"Variation, DSP1 – 5",5,Release Time,2.6ms – 2171.4ms,0,127,Table #14,
36,6,DYNAMIC PHASER,"Variation, DSP1 – 5",6,Release Curve,0 – 127,0,127,,
36,6,DYNAMIC PHASER,"Variation, DSP1 – 5",7,Direction,"Up, Down",0,1,,
36,6,DYNAMIC PHASER,"Variation, DSP1 – 5",8,Dyna Threshold Level,0 – 127,0,127,,
36,6,DYNAMIC PHASER,"Variation, DSP1 – 5",10,Dry/Wet,D63>W – D=W – D<W63,1,127,,
36,6,DYNAMIC PHASER,"Variation, DSP1 – 5",11,Stage,"4, 5, 6",4,6,,
36,6,DYNAMIC PHASER,"Variation, DSP1 – 5",13,EQ Low Frequency,32Hz – 2.0kHz,4,40,Table #3,
36,6,DYNAMIC PHASER,"Variation, DSP1 – 5",14,EQ Low Gain,-12dB – 0dB – +12dB,52,76,,
36,6,DYNAMIC PHASER,"Variation, DSP1 – 5",15,EQ High Frequency,500Hz – 16kHz,28,58,Table #3,
36,6,DYNAMIC PHASER,"Variation, DSP1 – 5",16,EQ High Gain,-12dB – 0dB – +12dB,52,76,,
36,7,MULTI FX,"Variation, DSP1 – 5",1,Comp Sustain,"Off, 0.1 – 10.0",0,100,,
36,7,MULTI FX,"Variation, DSP1 – 5",2,Wah SW,"Off, Wah Pedal, Auto+ Full,",0,7,,
36,7,MULTI FX,"Variation, DSP1 – 5",2,Wah SW,"Auto+ Mid, Auto+ Light,",,,,
36,7,MULTI FX,"Variation, DSP1 – 5",2,Wah SW,"Auto- Full, Auto- Mid, Auto-",,,,
36,7,MULTI FX,"Variation, DSP1 – 5",2,Wah SW,Light,,,,
36,7,MULTI FX,"Variation, DSP1 – 5",3,Wah Pedal,0 – 127,0,127,,yes
36,7,MULTI FX,"Variation, DSP1 – 5",4,Dist SW,"Off, Overdrive, Distortion1,",0,7,,
36,7,MULTI FX,"Variation, DSP1 – 5",4,Dist SW,"Distortion2, Clean, Crunch,",,,,
36,7,MULTI FX,"Variation, DSP1 – 5",4,Dist SW,"Hi-Gain, Modern",,,,
36,7,MULTI FX,"Variation, DSP1 – 5",5,Dist Drive,0.0 – 10.0,0,100,,
36,7,MULTI FX,"Variation, DSP1 – 5",6,Dist EQ,"High Boost, Mid Boost, Mid",0,8,,
36,7,MULTI FX,"Variation, DSP1 – 5",6,Dist EQ,"Cut 1, Mid Cut 2, Mid Cut 3,",,,,
36,7,MULTI FX,"Variation, DSP1 – 5",6,Dist EQ,"Low Cut 1, Low Cut 2, High",,,,
36,7,MULTI FX,"Variation, DSP1 – 5",6,Dist EQ,"Cut, High/Low",,,,
36,7,MULTI FX,"Variation, DSP1 – 5",7,Dist Tone,0.0 – 10.0,0,100,,
36,7,MULTI FX,"Variation, DSP1 – 5",8,Dist Presence,0.0 – 10.0,0,100,,
36,7,MULTI FX,"Variation, DSP1 – 5",9,Output,0 – 127,0,127,,
36,7,MULTI FX,"Variation, DSP1 – 5",11,Speaker Type,"Off, Stack, Twin, Tweed,",0,12,,
36,7,MULTI FX,"Variation, DSP1 – 5",11,Speaker Type,"Oldies, Modern, Mean, Soft,",,,,
36,7,MULTI FX,"Variation, DSP1 – 5",11,Speaker Type,"Small, Dip1, Dip2, Metal,",,,,
36,7,MULTI FX,"Variation, DSP1 – 5",11,Speaker Type,Light,,,,
36,7,MULTI FX,"Variation, DSP1 – 5",12,LFO Speed,0.100Hz – 9.925Hz,0,127,Table #17,
36,7,MULTI FX,"Variation, DSP1 – 5",13,Phaser SW,"Off, Standard, Wide, Vibe,",0,4,,
36,7,MULTI FX,"Variation, DSP1 – 5",13,Phaser SW,Tremolo,,,,
36,7,MULTI FX,"Variation, DSP1 – 5",14,Delay SW,"Off, Delay M, Echo1 M,",0,16,,
36,7,MULTI FX,"Variation, DSP1 – 5",14,Delay SW,"Echo2 M, Chorus M, Dl",,,,
36,7,MULTI FX,"Variation, DSP1 – 5",14,Delay SW,"Chorus M, Flanger1 M,",,,,
36,7,MULTI FX,"Variation, DSP1 – 5",14,Delay SW,"Flanger2 M, Flanger3 M,",,,,
36,7,MULTI FX,"Variation, DSP1 – 5",14,Delay SW,"Delay St, Echo1 St, Echo2",,,,
36,7,MULTI FX,"Variation, DSP1 – 5",14,Delay SW,"St, Chorus St, Dl Chorus St,",,,,
36,7,MULTI FX,"Variation, DSP1 – 5",14,Delay SW,"Flanger1 St, Flanger2 St,",,,,
36,7,MULTI FX,"Variation, DSP1 – 5",14,Delay SW,Flanger3 St,,,,
36,7,MULTI FX,"Variation, DSP1 – 5",15,Delay Ctrl,0 – 127,0,127,,
36,7,MULTI FX,"Variation, DSP1 – 5",16,Delay Time,0 – 127,0,127,,
37,1,SMALL STEREO DIST,"Variation, DSP1 – 5",1,Comp SW,"Off, On",0,1,,
37,1,SMALL STEREO DIST,"Variation, DSP1 – 5",2,Comp Sustain,0.0 – 10.0,0,100,,
37,1,SMALL STEREO DIST,"Variation, DSP1 – 5",3,Comp Level,0.0 – 10.0,0,100,,
37,1,SMALL STEREO DIST,"Variation, DSP1 – 5",4,Dist Type,"Overdrive, Distortion1,",1,7,,
37,1,SMALL STEREO DIST,"Variation, DSP1 – 5",4,Dist Type,"Distortion2, Clean, Crunch,",,,,
37,1,SMALL STEREO DIST,"Variation, DSP1 – 5",4,Dist Type,"Hi-Gain, Modern",,,,
37,1,SMALL STEREO DIST,"Variation, DSP1 – 5",5,Dist Drive,0.0 – 10.0,0,100,,
37,1,SMALL STEREO DIST,"Variation, DSP1 – 5",6,Dist EQ,"High Boost, Mid Boost, Mid",0,8,,
37,1,SMALL STEREO DIST,"Variation, DSP1 – 5",6,Dist EQ,"Cut 1, Mid Cut 2, Mid Cut 3,",,,,
37,1,SMALL STEREO DIST,"Variation, DSP1 – 5",6,Dist EQ,"Low Cut 1, Low Cut 2, High",,,,
37,1,SMALL STEREO DIST,"Variation, DSP1 – 5",6,Dist EQ,"Cut, High/Low",,,,
37,1,SMALL STEREO DIST,"Variation, DSP1 – 5",7,Dist Tone,0.0 – 10.0,0,100,,
37,1,SMALL STEREO DIST,"Variation, DSP1 – 5",8,Dist Presence,0.0 – 10.0,0,100,,
37,1,SMALL STEREO DIST,"Variation, DSP1 – 5",9,Output,0 – 127,0,127,,yes
37,1,SMALL STEREO DIST,"Variation, DSP1 – 5",11,Speaker Type,"Off, Stack, Twin, Tweed,",0,12,,
37,1,SMALL STEREO DIST,"Variation, DSP1 – 5",11,Speaker Type,"Oldies, Modern, Mean, Soft,",,,,
37,1,SMALL STEREO DIST,"Variation, DSP1 – 5",11,Speaker Type,"Small, Dip1, Dip2, Metal,",,,,
37,1,SMALL STEREO DIST,"Variation, DSP1 – 5",11,Speaker Type,Light,,,,
37,2,BRITISH COMBO,"Variation, DSP1 – 5",1,Mode,"Bright, Top Boost",0,1,,
37,2,BRITISH COMBO,"Variation, DSP1 – 5",2,Normal,0.0 – 10.0,0,100,,
37,2,BRITISH COMBO,"Variation, DSP1 – 5",3,Brilliant,0.0 – 10.0,0,100,,
37,2,BRITISH COMBO,"Variation, DSP1 – 5",4,Bass,0.0 – 10.0,0,100,,
37,2,BRITISH COMBO,"Variation, DSP1 – 5",6,Treble,0.0 – 10.0,0,100,,
37,2,BRITISH COMBO,"Variation, DSP1 – 5",7,Cut,0.0 – 10.0,0,100,,
37,2,BRITISH COMBO,"Variation, DSP1 – 5",9,Output,0 – 127,0,127,,yes
37,2,BRITISH COMBO,"Variation, DSP1 – 5",11,Speaker Type,"Off, BS 4x12, AC 2x12, AC",0,10,,
37,2,BRITISH COMBO,"Variation, DSP1 – 5",11,Speaker Type,"1x12, AC 4x10, BC 2x12,",,,,
37,2,BRITISH COMBO,"Variation, DSP1 – 5",11,Speaker Type,"AM 4x12, YC 4x12, JC 2x12,",,,,
37,2,BRITISH COMBO,"Variation, DSP1 – 5",11,Speaker Type,"OC 2x12, OC 1x8",,,,
37,2,BRITISH COMBO,"Variation, DSP1 – 5",12,Speaker Air,0 – 2,0,2,,
37,2,BRITISH COMBO,"Variation, DSP1 – 5",13,Mic Position,"Center, Edge",0,1,,
37,3,BRITISH LEGEND,"Variation, DSP1 – 5",1,Sensitivity,"High, Low",0,1,,
37,3,BRITISH LEGEND,"Variation, DSP1 – 5",2,Preamp,0.0 – 10.0,0,100,,
37,3,BRITISH LEGEND,"Variation, DSP1 – 5",4,Bass,0.0 – 10.0,0,100,,
37,3,BRITISH LEGEND,"Variation, DSP1 – 5",5,Middle,0.0 – 10.0,0,100,,
37,3,BRITISH LEGEND,"Variation, DSP1 – 5",6,Treble,0.0 – 10.0,0,100,,
37,3,BRITISH LEGEND,"Variation, DSP1 – 5",7,Presence,0.0 – 10.0,0,100,,
37,3,BRITISH LEGEND,"Variation, DSP1 – 5",8,Master Volume,0.0 – 10.0,0,100,,
37,3,BRITISH LEGEND,"Variation, DSP1 – 5",9,Output,0 – 127,0,127,,yes
37,3,BRITISH LEGEND,"Variation, DSP1 – 5",11,Speaker Type,"Off, BS 4x12, AC 2x12, AC",0,10,,
37,3,BRITISH LEGEND,"Variation, DSP1 – 5",11,Speaker Type,"1x12, AC 4x10, BC 2x12,",,,,
37,3,BRITISH LEGEND,"Variation, DSP1 – 5",11,Speaker Type,"AM 4x12, YC 4x12, JC 2x12,",,,,
37,3,BRITISH LEGEND,"Variation, DSP1 – 5",11,Speaker Type,"OC 2x12, OC 1x8",,,,
37,3,BRITISH LEGEND,"Variation, DSP1 – 5",12,Speaker Air,0 – 2,0,2,,
37,3,BRITISH LEGEND,"Variation, DSP1 – 5",13,Mic Position,"Center, Edge",0,1,,
37,4,V DISTORTION,"Variation, DSP1 – 5",1,Overdrive,0% – 100%,0,100,,
37,4,V DISTORTION,"Variation, DSP1 – 5",2,Device,"Transistor, Vintage Tube,",0,4,,
37,4,V DISTORTION,"Variation, DSP1 – 5",2,Device,"Dist1, Dist2, Fuzz",,,,
37,4,V DISTORTION,"Variation, DSP1 – 5",3,Speaker Type,"Flat, Stack, Combo, Twin,",0,5,,
37,4,V DISTORTION,"Variation, DSP1 – 5",3,Speaker Type,"Radio, Megaphone",,,,
37,4,V DISTORTION,"Variation, DSP1 – 5",4,Presence,0 – 20,0,20,,
37,4,V DISTORTION,"Variation, DSP1 – 5",5,Output Level,0% – 100%,0,100,,
37,4,V DISTORTION,"Variation, DSP1 – 5",10,Dry/Wet,D63>W – D=W – D<W63,1,127,,yes
37,5,V DIST TEMPO DELAY,"Variation, DSP1 – 5",1,Overdrive,0% – 100%,0,100,,
37,5,V DIST TEMPO DELAY,"Variation, DSP1 – 5",2,Device,"Transistor, Vintage Tube,",0,4,,
37,5,V DIST TEMPO DELAY,"Variation, DSP1 – 5",2,Device,"Dist1, Dist2, Fuzz",,,,
37,5,V DIST TEMPO DELAY,"Variation, DSP1 – 5",3,Speaker Type,"Flat, Stack, Combo, Twin,",0,5,,
37,5,V DIST TEMPO DELAY,"Variation, DSP1 – 5",3,Speaker Type,"Radio, Megaphone",,,,
37,5,V DIST TEMPO DELAY,"Variation, DSP1 – 5",4,Presence,0 – 20,0,20,,
37,5,V DIST TEMPO DELAY,"Variation, DSP1 – 5",5,Output Level,0% – 100%,0,100,,
37,5,V DIST TEMPO DELAY,"Variation, DSP1 – 5",6,Delay Time,32nd/3 – 4thx6,0,19,Table #5,
37,5,V DIST TEMPO DELAY,"Variation, DSP1 – 5",7,Delay Feedback Level,-63 – 0 – +63,1,127,,
37,5,V DIST TEMPO DELAY,"Variation, DSP1 – 5",8,L/R Diffusion,-63ms – 0ms – 63ms,1,127,,
37,5,V DIST TEMPO DELAY,"Variation, DSP1 – 5",9,Lag,-63ms – 0ms – 63ms,1,127,,
37,5,V DIST TEMPO DELAY,"Variation, DSP1 – 5",10,Dry/Wet,D63>W – D=W – D<W63,1,127,,yes
37,5,V DIST TEMPO DELAY,"Variation, DSP1 – 5",11,Delay Mix,0 – 127,0,127,,
37,5,V DIST TEMPO DELAY,"Variation, DSP1 – 5",12,Feedback High Damp,0.1 – 1.0,1,10,,
37,6,V DISTORTION DELAY,"Variation, DSP1 – 5",1,Overdrive,0% – 100%,0,100,,
37,6,V DISTORTION DELAY,"Variation, DSP1 – 5",2,Device,"Transistor, Vintage Tube,",0,4,,
37,6,V DISTORTION DELAY,"Variation, DSP1 – 5",2,Device,"Dist1, Dist2, Fuzz",,,,
37,6,V DISTORTION DELAY,"Variation, DSP1 – 5",3,Speaker Type,"Flat, Stack, Combo, Twin,",0,5,,
37,6,V DISTORTION DELAY,"Variation, DSP1 – 5",3,Speaker Type,"Radio, Megaphone",,,,
37,6,V DISTORTION DELAY,"Variation, DSP1 – 5",4,Presence,0 – 20,0,20,,
37,6,V DISTORTION DELAY,"Variation, DSP1 – 5",5,Output Level,0% – 100%,0,100,,
37,6,V DISTORTION DELAY,"Variation, DSP1 – 5",6,Lch Delay Time,0.1ms – 1.6383s,1,16383,,
37,6,V DISTORTION DELAY,"Variation, DSP1 – 5",7,Rch Delay Time,0.1ms – 1.6383s,1,16383,,
37,6,V DISTORTION DELAY,"Variation, DSP1 – 5",8,Delay Feedback Time,0.1ms – 1.6383s,1,16383,,
37,6,V DISTORTION DELAY,"Variation, DSP1 – 5",9,Delay Feedback Level,-63 – 0 – +63,1,127,,
37,6,V DISTORTION DELAY,"Variation, DSP1 – 5",10,Dry/Wet,D63>W – D=W – D<W63,1,127,,yes
37,6,V DISTORTION DELAY,"Variation, DSP1 – 5",11,Delay Mix,0 – 127,0,127,,
37,6,V DISTORTION DELAY,"Variation, DSP1 – 5",12,Feedback High Damp,0.1 – 1.0,1,10,,
37,7,STEREO DISTORTION,"Variation, DSP1 – 5",1,Drive,0 – 127,0,127,,yes
37,7,STEREO DISTORTION,"Variation, DSP1 – 5",2,EQ Low Frequency,32Hz – 2.0kHz,4,40,Table #3,
37,7,STEREO DISTORTION,"Variation, DSP1 – 5",3,EQ Low Gain,-12dB – 0dB – +12dB,52,76,,
37,7,STEREO DISTORTION,"Variation, DSP1 – 5",4,LPF Cutoff Frequency,"1.0kHz – 18kHz, Thru",34,60,Table #3,
37,7,STEREO DISTORTION,"Variation, DSP1 – 5",5,Output Level,0 – 127,0,127,,
37,7,STEREO DISTORTION,"Variation, DSP1 – 5",7,EQ Mid Frequency,100Hz – 10kHz,14,54,Table #3,
37,7,STEREO DISTORTION,"Variation, DSP1 – 5",8,EQ Mid Gain,-12dB – 0dB – +12dB,52,76,,
37,7,STEREO DISTORTION,"Variation, DSP1 – 5",9,EQ Mid Width,0.1 – 12.0,1,120,,
37,7,STEREO DISTORTION,"Variation, DSP1 – 5",10,Dry/Wet,D63>W – D=W – D<W63,1,127,,
37,7,STEREO DISTORTION,"Variation, DSP1 – 5",11,Edge (Clip Curve),0 – 127,0,127,,
38,1,STEREO AMP SIMULATOR,"Variation, DSP1 – 5",1,Drive,0 – 127,0,127,,yes
38,1,STEREO AMP SIMULATOR,"Variation, DSP1 – 5",2,Amp Type,"Off, Stack, Combo, Tube",0,3,,
38,1,STEREO AMP SIMULATOR,"Variation, DSP1 – 5",3,LPF Cutoff Frequency,"1.0kHz – 18kHz, Thru",34,60,Table #3,
38,1,STEREO AMP SIMULATOR,"Variation, DSP1 – 5",4,Output Level,0 – 127,0,127,,
38,1,STEREO AMP SIMULATOR,"Variation, DSP1 – 5",10,Dry/Wet,D63>W – D=W – D<W63,1,127,,
38,1,STEREO AMP SIMULATOR,"Variation, DSP1 – 5",11,Edge (Clip Curve),0 – 127 (mild – sharp),0,127,,
38,2,AMP SIMULATOR1,"Variation, DSP1 – 5",1,Drive,0 – 127,0,127,,yes
38,2,AMP SIMULATOR1,"Variation, DSP1 – 5",2,Amp Type,"Off, Stack, Combo, Tube",0,3,,
38,2,AMP SIMULATOR1,"Variation, DSP1 – 5",3,LPF Cutoff Frequency,"1.0kHz – 18kHz, Thru",34,60,Table #3,
38,2,AMP SIMULATOR1,"Variation, DSP1 – 5",4,Output Level,0 – 127,0,127,,
38,2,AMP SIMULATOR1,"Variation, DSP1 – 5",10,Dry/Wet,D63>W – D=W – D<W63,1,127,,
38,2,AMP SIMULATOR1,"Variation, DSP1 – 5",11,Edge (Clip Curve),0 – 127 (mild – sharp),0,127,,
38,3,AMP SIMULATOR2,"Variation, DSP1 – 5",1,Drive,0 – 127,0,127,,yes
38,3,AMP SIMULATOR2,"Variation, DSP1 – 5",2,AMP Type,"Off, Stack, Combo, Tube,",0,6,,
38,3,AMP SIMULATOR2,"Variation, DSP1 – 5",2,AMP Type,"Crunch, Hi-Gain, British",,,,
38,3,AMP SIMULATOR2,"Variation, DSP1 – 5",3,LPF Cutoff,"1.0kHz – 18kHz, Thru",34,60,Table #3,
38,3,AMP SIMULATOR2,"Variation, DSP1 – 5",4,Output Level,0 – 127,0,127,,
38,3,AMP SIMULATOR2,"Variation, DSP1 – 5",10,Dry/Wet,D63>W – D=W – D<W63,1,127,,
38,4,DISTORTION,"Variation, DSP1 – 5",1,Drive,0 – 127,0,127,,yes
38,4,DISTORTION,"Variation, DSP1 – 5",2,EQ Low Frequency,32Hz – 2.0kHz,4,40,Table #3,
38,4,DISTORTION,"Variation, DSP1 – 5",3,EQ Low Gain,-12dB – 0dB – +12dB,52,76,,
38,4,DISTORTION,"Variation, DSP1 – 5",4,LPF Cutoff Frequency,"1.0kHz – 18kHz, Thru",34,60,Table #3,
38,4,DISTORTION,"Variation, DSP1 – 5",5,Output Level,0 – 127,0,127,,
38,4,DISTORTION,"Variation, DSP1 – 5",7,EQ Mid Frequency,100Hz – 10kHz,14,54,Table #3,
38,4,DISTORTION,"Variation, DSP1 – 5",8,EQ Mid Gain,-12dB – 0dB – +12dB,52,76,,
38,4,DISTORTION,"Variation, DSP1 – 5",9,EQ Mid Width,0.1 – 12.0,1,120,,
38,4,DISTORTION,"Variation, DSP1 – 5",10,Dry/Wet,D63>W – D=W – D<W63,1,127,,
38,4,DISTORTION,"Variation, DSP1 – 5",11,Edge (Clip Curve),0 – 127 (mild – sharp),0,127,,
38,5,DISTORTION DELAY,"Variation, DSP1 – 5",1,Lch Delay Time,0.1ms – 1.6383s,1,16383,,
38,5,DISTORTION DELAY,"Variation, DSP1 – 5",2,Rch Delay Time,0.1ms – 1.6383s,1,16383,,
38,5,DISTORTION DELAY,"Variation, DSP1 – 5",3,Delay Feedback Time,0.1ms – 1.6383s,1,16383,,
38,5,DISTORTION DELAY,"Variation, DSP1 – 5",4,Delay Feedback Level,-63 – 0 – +63,1,127,,
38,5,DISTORTION DELAY,"Variation, DSP1 – 5",5,Delay Mix,0 – 127,0,127,,
38,5,DISTORTION DELAY,"Variation, DSP1 – 5",6,Dist Drive,0 – 127,0,127,,
38,5,DISTORTION DELAY,"Variation, DSP1 – 5",7,Dist Output Level,0 – 127,0,127,,
38,5,DISTORTION DELAY,"Variation, DSP1 – 5",8,Dist EQ Low Gain,-12dB – 0dB – +12dB,52,76,,
38,5,DISTORTION DELAY,"Variation, DSP1 – 5",9,Dist EQ Mid Gain,-12dB – 0dB – +12dB,52,76,,
38,5,DISTORTION DELAY,"Variation, DSP1 – 5",10,Dry/Wet,D63>W – D=W – D<W63,1,127,,yes
38,6,DIST TEMPO DELAY,"Variation, DSP1 – 5",1,Delay Time,32nd/3 – 4thx6,0,19,Table #5,
38,6,DIST TEMPO DELAY,"Variation, DSP1 – 5",2,Delay Feedback Level,-63 – 0 – +63,1,127,,
38,6,DIST TEMPO DELAY,"Variation, DSP1 – 5",3,Delay Mix,0 – 127,0,127,,
38,6,DIST TEMPO DELAY,"Variation, DSP1 – 5",4,Dist Drive,0 – 127,0,127,,
38,6,DIST TEMPO DELAY,"Variation, DSP1 – 5",5,Dist Output Level,0 – 127,0,127,,
38,6,DIST TEMPO DELAY,"Variation, DSP1 – 5",6,Dist EQ Low Gain,-12dB – 0dB – +12dB,52,76,,
38,6,DIST TEMPO DELAY,"Variation, DSP1 – 5",7,Dist EQ Mid Gain,-12dB – 0dB – +12dB,52,76,,
38,6,DIST TEMPO DELAY,"Variation, DSP1 – 5",8,L/R Diffusion,-63ms – 0ms – 63ms,1,127,,
38,6,DIST TEMPO DELAY,"Variation, DSP1 – 5",9,Lag,-63ms – 0ms – 63ms,1,127,,
38,6,DIST TEMPO DELAY,"Variation, DSP1 – 5",10,Dry/Wet,D63>W – D=W – D<W63,1,127,,yes
38,7,COMP DISTORTION,"Variation, DSP1 – 5",1,Drive,0 – 127,0,127,,yes
38,7,COMP DISTORTION,"Variation, DSP1 – 5",2,EQ Low Frequency,32Hz – 2.0kHz,4,40,Table #3,
38,7,COMP DISTORTION,"Variation, DSP1 – 5",3,EQ Low Gain,-12dB – 0dB – +12dB,52,76,,
38,7,COMP DISTORTION,"Variation, DSP1 – 5",4,LPF Cutoff,"1.0kHz – 18kHz, Thru",34,60,Table #3,
38,7,COMP DISTORTION,"Variation, DSP1 – 5",5,Output Level,0 – 127,0,127,,
38,7,COMP DISTORTION,"Variation, DSP1 – 5",7,EQ Mid Frequency,100Hz – 10kHz,14,54,Table #3,
38,7,COMP DISTORTION,"Variation, DSP1 – 5",8,EQ Mid Gain,-12dB – 0dB – +12dB,52,76,,
38,7,COMP DISTORTION,"Variation, DSP1 – 5",9,EQ Mid Width,0.1 – 12.0,1,120,,
38,7,COMP DISTORTION,"Variation, DSP1 – 5",10,Dry/Wet,D63>W – D=W – D<W63,1,127,,
38,7,COMP DISTORTION,"Variation, DSP1 – 5",11,Edge (Clip Curve),0 – 127 (mild – sharp),0,127,,
38,7,COMP DISTORTION,"Variation, DSP1 – 5",12,Attack,1ms – 40ms,0,19,Table #18,
38,7,COMP DISTORTION,"Variation, DSP1 – 5",13,Release,10ms – 680ms,0,15,Table #19,
38,7,COMP DISTORTION,"Variation, DSP1 – 5",14,Threshold,-48dB – -6dB,79,121,,
38,7,COMP DISTORTION,"Variation, DSP1 – 5",15,Ratio,1.0 – 20.0,0,7,Table #20,
38,8,COMP DIST DELAY,"Variation, DSP1 – 5",1,Delay Time,0.1ms – 1.6383s,1,16383,,
38,8,COMP DIST DELAY,"Variation, DSP1 – 5",2,Delay Feedback Level,-63 – 0 – +63,1,127,,
38,8,COMP DIST DELAY,"Variation, DSP1 – 5",3,Delay Mix,0 – 127,0,127,,
38,8,COMP DIST DELAY,"Variation, DSP1 – 5",4,Dist Drive,0 – 127,0,127,,
38,8,COMP DIST DELAY,"Variation, DSP1 – 5",5,Dist Output Level,0 – 127,0,127,,
38,8,COMP DIST DELAY,"Variation, DSP1 – 5",6,Dist EQ Low Gain,-12dB – 0dB – +12dB,52,76,,
38,8,COMP DIST DELAY,"Variation, DSP1 – 5",7,Dist EQ Mid Gain,-12dB – 0dB – +12dB,52,76,,
38,8,COMP DIST DELAY,"Variation, DSP1 – 5",10,Dry/Wet,D63>W – D=W – D<W63,1,127,,yes
38,8,COMP DIST DELAY,"Variation, DSP1 – 5",11,Comp Attack,1ms – 40ms,0,19,Table #18,
38,8,COMP DIST DELAY,"Variation, DSP1 – 5",12,Comp Release,10ms – 680ms,0,15,Table #19,
38,8,COMP DIST DELAY,"Variation, DSP1 – 5",13,Comp Threshold,-48dB – -6dB,79,121,,
38,8,COMP DIST DELAY,"Variation, DSP1 – 5",14,Comp Ratio,1.0 – 20.0,0,7,Table #20,
39,1,COMP DIST TEMPO DELAY,"Variation, DSP1 – 5",1,Delay Time,32nd/3 – 4thx6,0,19,Table #5,
39,1,COMP DIST TEMPO DELAY,"Variation, DSP1 – 5",2,Delay Feedback Level,-63 – 0 – +63,1,127,,
39,1,COMP DIST TEMPO DELAY,"Variation, DSP1 – 5",3,Delay Mix,0 – 127,0,127,,
39,1,COMP DIST TEMPO DELAY,"Variation, DSP1 – 5",4,Dist Drive,0 – 127,0,127,,
39,1,COMP DIST TEMPO DELAY,"Variation, DSP1 – 5",5,Dist Output Level,0 – 127,0,127,,
39,1,COMP DIST TEMPO DELAY,"Variation, DSP1 – 5",6,Dist EQ Low Gain,-12dB – 0dB – +12dB,52,76,,
39,1,COMP DIST TEMPO DELAY,"Variation, DSP1 – 5",7,Dist EQ Mid Gain,-12dB – 0dB – +12dB,52,76,,
39,1,COMP DIST TEMPO DELAY,"Variation, DSP1 – 5",8,L/R Diffusion,-63ms – 0ms – +63ms,1,127,,
39,1,COMP DIST TEMPO DELAY,"Variation, DSP1 – 5",9,Lag,-63ms – 0ms – +63ms,1,127,,
39,1,COMP DIST TEMPO DELAY,"Variation, DSP1 – 5",10,Dry/Wet,D63>W – D=W – D<W63,1,127,,yes
39,1,COMP DIST TEMPO DELAY,"Variation, DSP1 – 5",11,Comp Attack,1ms – 40ms,0,19,Table #18,
39,1,COMP DIST TEMPO DELAY,"Variation, DSP1 – 5",12,Comp Release,10ms – 680ms,0,15,Table #19,
39,1,COMP DIST TEMPO DELAY,"Variation, DSP1 – 5",13,Comp Threshold,-48dB – -6dB,79,121,,
39,1,COMP DIST TEMPO DELAY,"Variation, DSP1 – 5",14,Comp Ratio,1.0 – 20.0,0,7,Table #20,
39,2,AUTO WAH,"Variation, DSP1 – 5",1,LFO Frequency,0.00Hz – 39.7Hz,0,127,Table #8,
39,2,AUTO WAH,"Variation, DSP1 – 5",2,LFO Depth,0 – 127,0,127,,
39,2,AUTO WAH,"Variation, DSP1 – 5",3,Cutoff Frequency,0 – 127,0,127,,yes
39,2,AUTO WAH,"Variation, DSP1 – 5",,Offset,,,,,
39,2,AUTO WAH,"Variation, DSP1 – 5",4,Resonance,1.0 – 12.0,10,120,,
39,2,AUTO WAH,"Variation, DSP1 – 5",6,EQ Low Frequency,32Hz – 2.0kHz,4,40,Table #3,
39,2,AUTO WAH,"Variation, DSP1 – 5",7,EQ Low Gain,-12dB – 0dB – +12dB,52,76,,
39,2,AUTO WAH,"Variation, DSP1 – 5",8,EQ High Frequency,500Hz – 16kHz,28,58,Table #3,
39,2,AUTO WAH,"Variation, DSP1 – 5",9,EQ High Gain,-12dB – 0dB – +12dB,52,76,,
39,2,AUTO WAH,"Variation, DSP1 – 5",10,Dry/Wet,D63>W – D=W – D<W63,1,127,,
39,2,AUTO WAH,"Variation, DSP1 – 5",11,Drive,0 – 127,0,127,,
39,3,AUTO WAH DISTORTION,"Variation, DSP1 – 5",1,LFO Frequency,0.00Hz – 39.7Hz,0,127,Table #8,
39,3,AUTO WAH DISTORTION,"Variation, DSP1 – 5",2,LFO Depth,0 – 127,0,127,,
39,3,AUTO WAH DISTORTION,"Variation, DSP1 – 5",3,Cutoff Frequency,0 – 127,0,127,,yes
39,3,AUTO WAH DISTORTION,"Variation, DSP1 – 5",,Offset,,,,,
39,3,AUTO WAH DISTORTION,"Variation, DSP1 – 5",4,Resonance,1.0 – 12.0,10,120,,
39,3,AUTO WAH DISTORTION,"Variation, DSP1 – 5",6,EQ Low Frequency,32Hz – 2.0kHz,4,40,Table #3,
39,3,AUTO WAH DISTORTION,"Variation, DSP1 – 5",7,EQ Low Gain,-12dB – 0dB – +12dB,52,76,,
39,3,AUTO WAH DISTORTION,"Variation, DSP1 – 5",8,EQ High Frequency,500Hz – 16kHz,28,58,Table #3,
39,3,AUTO WAH DISTORTION,"Variation, DSP1 – 5",9,EQ High Gain,-12dB – 0dB – +12dB,52,76,,
39,3,AUTO WAH DISTORTION,"Variation, DSP1 – 5",10,Dry/Wet,D63>W – D=W – D<W63,1,127,,
39,3,AUTO WAH DISTORTION,"Variation, DSP1 – 5",11,Drive,0 – 127,0,127,,
39,3,AUTO WAH DISTORTION,"Variation, DSP1 – 5",12,Dist EQ Low Gain,-12dB – 0dB – +12dB,52,76,,
39,3,AUTO WAH DISTORTION,"Variation, DSP1 – 5",13,Dist EQ Mid Gain,-12dB – 0dB – +12dB,52,76,,
39,3,AUTO WAH DISTORTION,"Variation, DSP1 – 5",14,LPF Cutoff Frequency,"1.0kHz – 18kHz, Thru",34,60,Table #3,
39,3,AUTO WAH DISTORTION,"Variation, DSP1 – 5",15,Output Level,0 – 127,0,127,,
39,4,TEMPO AUTO WAH1,"Variation, DSP1 – 5",1,LFO Frequency,16th – 4thx16,5,29,Table #5,
39,4,TEMPO AUTO WAH1,"Variation, DSP1 – 5",2,LFO Depth,0 – 127,0,127,,
39,4,TEMPO AUTO WAH1,"Variation, DSP1 – 5",3,Cutoff Frequency,0 – 127,0,127,,yes
39,4,TEMPO AUTO WAH1,"Variation, DSP1 – 5",,Offset,,,,,
39,4,TEMPO AUTO WAH1,"Variation, DSP1 – 5",4,Resonance,1.0 – 12.0,10,120,,
39,4,TEMPO AUTO WAH1,"Variation, DSP1 – 5",6,EQ Low Frequency,32Hz – 2.0kHz,4,40,Table #3,
39,4,TEMPO AUTO WAH1,"Variation, DSP1 – 5",7,EQ Low Gain,-12dB – 0dB – +12dB,52,76,,
39,4,TEMPO AUTO WAH1,"Variation, DSP1 – 5",8,EQ High Frequency,500Hz – 16kHz,28,58,Table #3,
39,4,TEMPO AUTO WAH1,"Variation, DSP1 – 5",9,EQ High Gain,-12dB – 0dB – +12dB,52,76,,
39,4,TEMPO AUTO WAH1,"Variation, DSP1 – 5",10,Dry/Wet,D63>W – D=W – D<W63,1,127,,
39,4,TEMPO AUTO WAH1,"Variation, DSP1 – 5",11,Drive,0 – 127,0,127,,
39,5,TEMPO AUTO WAH2,"Variation, DSP1 – 5",1,LFO Frequency,16th – 4thx16,5,29,Table #5,
39,5,TEMPO AUTO WAH2,"Variation, DSP1 – 5",2,LFO Depth,0 – 127,0,127,,
39,5,TEMPO AUTO WAH2,"Variation, DSP1 – 5",3,Cutoff Frequency,0 – 127,0,127,,yes
39,5,TEMPO AUTO WAH2,"Variation, DSP1 – 5",,Offset,,,,,
39,5,TEMPO AUTO WAH2,"Variation, DSP1 – 5",4,Resonance,1.0 – 12.0,10,120,,
39,5,TEMPO AUTO WAH2,"Variation, DSP1 – 5",6,EQ Low Frequency,32Hz – 2.0kHz,4,40,Table #3,
39,5,TEMPO AUTO WAH2,"Variation, DSP1 – 5",7,EQ Low Gain,-12dB – 0dB – +12dB,52,76,,
39,5,TEMPO AUTO WAH2,"Variation, DSP1 – 5",8,EQ High Frequency,500Hz – 16kHz,28,58,Table #3,
39,5,TEMPO AUTO WAH2,"Variation, DSP1 – 5",9,EQ High Gain,-12dB – 0dB – +12dB,52,76,,
39,5,TEMPO AUTO WAH2,"Variation, DSP1 – 5",10,Dry/Wet,D63>W – D=W – D<W63,1,127,,
39,5,TEMPO AUTO WAH2,"Variation, DSP1 – 5",11,Drive,0 – 127,0,127,,
39,5,TEMPO AUTO WAH2,"Variation, DSP1 – 5",12,Dist EQ Low Gain,-12dB – 0dB – +12dB,52,76,,
39,5,TEMPO AUTO WAH2,"Variation, DSP1 – 5",13,Dist EQ Mid Gain,-12dB – 0dB – +12dB,52,76,,
39,5,TEMPO AUTO WAH2,"Variation, DSP1 – 5",14,LPF Cutoff Frequency,"1.0kHz – 18kHz, Thru",34,60,Table #3,
39,5,TEMPO AUTO WAH2,"Variation, DSP1 – 5",15,Output Level,0 – 127,0,127,,
39,6,TOUCH WAH1,"Variation, DSP1 – 5",1,Sensitivity,0 – 127,0,127,,
39,6,TOUCH WAH1,"Variation, DSP1 – 5",2,Cutoff Frequency,0 – 127,0,127,,yes
39,6,TOUCH WAH1,"Variation, DSP1 – 5",,Offset,,,,,
39,6,TOUCH WAH1,"Variation, DSP1 – 5",3,Resonance,1.0 – 12.0,10,120,,
39,6,TOUCH WAH1,"Variation, DSP1 – 5",6,EQ Low Frequency,32Hz – 2.0kHz,4,40,Table #3,
39,6,TOUCH WAH1,"Variation, DSP1 – 5",7,EQ Low Gain,-12dB – 0dB – +12dB,52,76,,
39,6,TOUCH WAH1,"Variation, DSP1 – 5",8,EQ High Frequency,500Hz – 16kHz,28,58,Table #3,
39,6,TOUCH WAH1,"Variation, DSP1 – 5",9,EQ High Gain,-12dB – 0dB – +12dB,52,76,,
39,6,TOUCH WAH1,"Variation, DSP1 – 5",10,Dry/Wet,D63>W – D=W – D<W63,1,127,,
39,6,TOUCH WAH1,"Variation, DSP1 – 5",11,Drive,0 – 127,0,127,,
39,7,TOUCH WAH2,"Variation, DSP1 – 5",1,Sensitivity,0 – 127,0,127,,
39,7,TOUCH WAH2,"Variation, DSP1 – 5",2,Cutoff Frequency,0 – 127,0,127,,yes
39,7,TOUCH WAH2,"Variation, DSP1 – 5",,Offset,,,,,
39,7,TOUCH WAH2,"Variation, DSP1 – 5",3,Resonance,1.0 – 12.0,10,120,,
39,7,TOUCH WAH2,"Variation, DSP1 – 5",6,EQ Low Frequency,32Hz – 2.0kHz,4,40,Table #3,
39,7,TOUCH WAH2,"Variation, DSP1 – 5",7,EQ Low Gain,-12dB – 0dB – +12dB,52,76,,
39,7,TOUCH WAH2,"Variation, DSP1 – 5",8,EQ High Frequency,500Hz – 16kHz,28,58,Table #3,
39,7,TOUCH WAH2,"Variation, DSP1 – 5",9,EQ High Gain,-12dB – 0dB – +12dB,52,76,,
39,7,TOUCH WAH2,"Variation, DSP1 – 5",10,Dry/Wet,D63>W – D=W – D<W63,1,127,,
39,7,TOUCH WAH2,"Variation, DSP1 – 5",11,Drive,0 – 127,0,127,,
39,7,TOUCH WAH2,"Variation, DSP1 – 5",12,Dist EQ Low Gain,-12dB – 0dB – +12dB,52,76,,
39,7,TOUCH WAH2,"Variation, DSP1 – 5",13,Dist EQ Mid Gain,-12dB – 0dB – +12dB,52,76,,
39,7,TOUCH WAH2,"Variation, DSP1 – 5",14,LPF Cutoff Frequency,"1.0kHz – 18kHz, Thru",34,60,Table #3,
39,7,TOUCH WAH2,"Variation, DSP1 – 5",15,Output Level,0 – 127,0,127,,
39,7,TOUCH WAH2,"Variation, DSP1 – 5",16,Release,10.0ms – 680.0ms,52,67,Table #22,
39,8,WAH DISTORTION DELAY,"Variation, DSP1 – 5",1,Delay Time,0.1ms – 1.6383s,1,16383,,
39,8,WAH DISTORTION DELAY,"Variation, DSP1 – 5",2,Delay Feedback Level,-63 – 0 – +63,1,127,,
39,8,WAH DISTORTION DELAY,"Variation, DSP1 – 5",3,Delay Mix,0 – 127,0,127,,
39,8,WAH DISTORTION DELAY,"Variation, DSP1 – 5",4,Dist Drive,0 – 127,0,127,,
39,8,WAH DISTORTION DELAY,"Variation, DSP1 – 5",5,Dist Output Level,0 – 127,0,127,,
39,8,WAH DISTORTION DELAY,"Variation, DSP1 – 5",6,Dist EQ Low Gain,-12dB – 0dB – +12dB,52,76,,
39,8,WAH DISTORTION DELAY,"Variation, DSP1 – 5",7,Dist EQ Mid Gain,-12dB – 0dB – +12dB,52,76,,
39,8,WAH DISTORTION DELAY,"Variation, DSP1 – 5",10,Dry/Wet,D63>W – D=W – D<W63,1,127,,yes
39,8,WAH DISTORTION DELAY,"Variation, DSP1 – 5",11,Wah Sensitivity,0 – 127,0,127,,
39,8,WAH DISTORTION DELAY,"Variation, DSP1 – 5",12,Wah Cutoff Frequency,0 – 127,0,127,,
39,8,WAH DISTORTION DELAY,"Variation, DSP1 – 5",,Offset,,,,,
39,8,WAH DISTORTION DELAY,"Variation, DSP1 – 5",13,Wah Resonance,1.0 – 12.0,10,120,,
39,8,WAH DISTORTION DELAY,"Variation, DSP1 – 5",14,Wah Release,10.0ms – 680.0ms,52,67,Table #22,
40,1,WAH DIST TEMPO DELAY,"Variation, DSP1 – 5",1,Delay Time,32nd/3 – 4thx6,0,19,Table #5,
40,1,WAH DIST TEMPO DELAY,"Variation, DSP1 – 5",2,Delay Feedback Level,-63 – 0 – +63,1,127,,
40,1,WAH DIST TEMPO DELAY,"Variation, DSP1 – 5",3,Delay Mix,0 – 127,0,127,,
40,1,WAH DIST TEMPO DELAY,"Variation, DSP1 – 5",4,Dist Drive,0 – 127,0,127,,
40,1,WAH DIST TEMPO DELAY,"Variation, DSP1 – 5",5,Dist Output Level,0 – 127,0,127,,
40,1,WAH DIST TEMPO DELAY,"Variation, DSP1 – 5",6,Dist EQ Low Gain,-12dB – 0dB – +12dB,52,76,,
40,1,WAH DIST TEMPO DELAY,"Variation, DSP1 – 5",7,Dist EQ Mid Gain,-12dB – 0dB – +12dB,52,76,,
40,1,WAH DIST TEMPO DELAY,"Variation, DSP1 – 5",8,L/R Diffusion,-63ms – 0ms – +63ms,1,127,,
40,1,WAH DIST TEMPO DELAY,"Variation, DSP1 – 5",9,Lag,-63ms – 0ms – +63ms,1,127,,
40,1,WAH DIST TEMPO DELAY,"Variation, DSP1 – 5",10,Dry/Wet,D63>W – D=W – D<W63,1,127,,yes
40,1,WAH DIST TEMPO DELAY,"Variation, DSP1 – 5",11,Wah Sensitivity,0 – 127,0,127,,
40,1,WAH DIST TEMPO DELAY,"Variation, DSP1 – 5",12,Wah Cutoff Frequency,0 – 127,0,127,,
40,1,WAH DIST TEMPO DELAY,"Variation, DSP1 – 5",,Offset,,,,,
40,1,WAH DIST TEMPO DELAY,"Variation, DSP1 – 5",13,Wah Resonance,1.0 – 12.0,10,120,,
40,1,WAH DIST TEMPO DELAY,"Variation, DSP1 – 5",14,Wah Release,10.0ms – 680.0ms,52,67,Table #22,
40,2,PEDAL WAH1,"Variation, DSP1 – 5",1,Pedal Control,0 – 127,0,127,,yes
40,2,PEDAL WAH1,"Variation, DSP1 – 5",2,Depth,0 – 127,0,127,,
40,2,PEDAL WAH1,"Variation, DSP1 – 5",3,Cutoff Frequency,0 – 127,0,127,,
40,2,PEDAL WAH1,"Variation, DSP1 – 5",,Offset,,,,,
40,2,PEDAL WAH1,"Variation, DSP1 – 5",4,Resonance,1.0 – 12.0,10,120,,
40,2,PEDAL WAH1,"Variation, DSP1 – 5",6,EQ Low Frequency,32Hz – 2.0kHz,4,40,Table #3,
40,2,PEDAL WAH1,"Variation, DSP1 – 5",7,EQ Low Gain,-12dB – 0dB – +12dB,52,76,,
40,2,PEDAL WAH1,"Variation, DSP1 – 5",8,EQ High Frequency,500Hz – 16kHz,28,58,Table #3,
40,2,PEDAL WAH1,"Variation, DSP1 – 5",9,EQ High Gain,-12dB – 0dB – +12dB,52,76,,
40,2,PEDAL WAH1,"Variation, DSP1 – 5",10,Dry/Wet,D63>W – D=W – D<W63,1,127,,
40,2,PEDAL WAH1,"Variation, DSP1 – 5",11,Drive,0 – 127,0,127,,
40,3,PEDAL WAH2,"Variation, DSP1 – 5",1,Pedal Control,0 – 127,0,127,,yes
40,3,PEDAL WAH2,"Variation, DSP1 – 5",2,Depth,0 – 127,0,127,,
40,3,PEDAL WAH2,"Variation, DSP1 – 5",3,Cutoff Frequency,0 – 127,0,127,,
40,3,PEDAL WAH2,"Variation, DSP1 – 5",,Offset,,,,,
40,3,PEDAL WAH2,"Variation, DSP1 – 5",4,Resonance,1.0 – 12.0,10,120,,
40,3,PEDAL WAH2,"Variation, DSP1 – 5",6,EQ Low Frequency,32Hz – 2.0kHz,4,40,Table #3,
40,3,PEDAL WAH2,"Variation, DSP1 – 5",7,EQ Low Gain,-12dB – 0dB – +12dB,52,76,,
40,3,PEDAL WAH2,"Variation, DSP1 – 5",8,EQ High Frequency,500Hz – 16kHz,28,58,Table #3,
40,3,PEDAL WAH2,"Variation, DSP1 – 5",9,EQ High Gain,-12dB – 0dB – +12dB,52,76,,
40,3,PEDAL WAH2,"Variation, DSP1 – 5",10,Dry/Wet,D63>W – D=W – D<W63,1,127,,
40,3,PEDAL WAH2,"Variation, DSP1 – 5",11,Drive,0 – 127,0,127,,
40,3,PEDAL WAH2,"Variation, DSP1 – 5",12,Dist EQ Low Gain,-12dB – 0dB – +12dB,52,76,,
40,3,PEDAL WAH2,"Variation, DSP1 – 5",13,Dist EQ Mid Gain,-12dB – 0dB – +12dB,52,76,,
40,3,PEDAL WAH2,"Variation, DSP1 – 5",14,LPF Cutoff Frequency,"1.0kHz – 18kHz, Thru",34,60,Table #3,
40,3,PEDAL WAH2,"Variation, DSP1 – 5",15,Output Level,0 – 127,0,127,,
40,4,ROTARY SPEAKER1,"Chorus, Variation, DSP1 – 5",1,Woofer Speed Slow,0.0rpm – 159.0rpm,0,63,Table #28,
40,4,ROTARY SPEAKER1,"Chorus, Variation, DSP1 – 5",2,Horn Speed Slow,0.0rpm – 159.0rpm,0,63,Table #28,
40,4,ROTARY SPEAKER1,"Chorus, Variation, DSP1 – 5",3,Woofer Speed Fast,161.4rpm – 2382.0rpm,64,127,Table #29,
40,4,ROTARY SPEAKER1,"Chorus, Variation, DSP1 – 5",4,Horn Speed Fast,161.4rpm – 2382.0rpm,64,127,Table #29,
40,4,ROTARY SPEAKER1,"Chorus, Variation, DSP1 – 5",5,Slow-Fast Time of,0 – 127,0,127,,
40,4,ROTARY SPEAKER1,"Chorus, Variation, DSP1 – 5",,Woofer,,,,,
40,4,ROTARY SPEAKER1,"Chorus, Variation, DSP1 – 5",6,Slow-Fast Time of,0 – 127,0,127,,
40,4,ROTARY SPEAKER1,"Chorus, Variation, DSP1 – 5",,Horn,,,,,
40,4,ROTARY SPEAKER1,"Chorus, Variation, DSP1 – 5",7,Drive Low,0 – 127,0,127,,
40,4,ROTARY SPEAKER1,"Chorus, Variation, DSP1 – 5",8,Drive High,0 – 127,0,127,,
40,4,ROTARY SPEAKER1,"Chorus, Variation, DSP1 – 5",9,Low/High Balance,L63>H – L=H – L<H63,1,127,,
40,4,ROTARY SPEAKER1,"Chorus, Variation, DSP1 – 5",11,EQ Low Frequency,32Hz – 2.0kHz,4,40,Table #3,
40,4,ROTARY SPEAKER1,"Chorus, Variation, DSP1 – 5",12,EQ Low Gain,-12dB – 0dB – +12dB,52,76,,
40,4,ROTARY SPEAKER1,"Chorus, Variation, DSP1 – 5",13,EQ High Frequency,500Hz – 16kHz,28,58,Table #3,
40,4,ROTARY SPEAKER1,"Chorus, Variation, DSP1 – 5",14,EQ High Gain,-12dB – 0dB – +12dB,52,76,,
40,4,ROTARY SPEAKER1,"Chorus, Variation, DSP1 – 5",15,Mic L-R Angle,0deg – 180deg,0,60,,
40,4,ROTARY SPEAKER1,"Chorus, Variation, DSP1 – 5",15,Mic L-R Angle,(resolution=3deg.),,,,
40,4,ROTARY SPEAKER1,"Chorus, Variation, DSP1 – 5",16,Speed Control,"Slow, Fast",0,1,,yes
40,5,ROTARY SPEAKER2,"Chorus, Variation, DSP1 – 5",1,LFO Frequency,0.00Hz – 39.7Hz,0,127,Table #8,yes
40,5,ROTARY SPEAKER2,"Chorus, Variation, DSP1 – 5",2,LFO Depth,0 – 127,0,127,,
40,5,ROTARY SPEAKER2,"Chorus, Variation, DSP1 – 5",6,EQ Low Frequency,32Hz – 2.0kHz,4,40,Table #3,
40,5,ROTARY SPEAKER2,"Chorus, Variation, DSP1 – 5",7,EQ Low Gain,-12dB – 0dB – +12dB,52,76,,
40,5,ROTARY SPEAKER2,"Chorus, Variation, DSP1 – 5",8,EQ High Frequency,500Hz – 16kHz,28,58,Table #3,
40,5,ROTARY SPEAKER2,"Chorus, Variation, DSP1 – 5",9,EQ High Gain,-12dB – 0dB – +12dB,52,76,,
40,5,ROTARY SPEAKER2,"Chorus, Variation, DSP1 – 5",10,Dry/Wet,D63>W – D=W – D<W63,1,127,,
40,5,ROTARY SPEAKER2,"Chorus, Variation, DSP1 – 5",11,EQ Mid Frequency,100Hz – 10kHz,14,54,Table #3,
40,5,ROTARY SPEAKER2,"Chorus, Variation, DSP1 – 5",12,EQ Mid Gain,-12dB – 0dB – +12dB,52,76,,
40,5,ROTARY SPEAKER2,"Chorus, Variation, DSP1 – 5",13,EQ Mid Width,0.1 – 12.0,1,120,,
40,6,2WAY ROTARY SPEAKER,"Chorus, Variation, DSP1 – 5",1,Rotor Speed,0.00Hz – 39.7Hz,0,127,Table #8,yes
40,6,2WAY ROTARY SPEAKER,"Chorus, Variation, DSP1 – 5",2,Drive Low,0 – 127,0,127,,
40,6,2WAY ROTARY SPEAKER,"Chorus, Variation, DSP1 – 5",3,Drive High,0 – 127,0,127,,
40,6,2WAY ROTARY SPEAKER,"Chorus, Variation, DSP1 – 5",4,Low/High Balance,L63>H – L=H – L<H63,1,127,,
40,6,2WAY ROTARY SPEAKER,"Chorus, Variation, DSP1 – 5",6,EQ Low Frequency,32Hz – 2.0kHz,4,40,Table #3,
40,6,2WAY ROTARY SPEAKER,"Chorus, Variation, DSP1 – 5",7,EQ Low Gain,-12dB – 0dB – +12dB,52,76,,
40,6,2WAY ROTARY SPEAKER,"Chorus, Variation, DSP1 – 5",8,EQ High Frequency,500Hz – 16kHz,28,58,Table #3,
40,6,2WAY ROTARY SPEAKER,"Chorus, Variation, DSP1 – 5",9,EQ High Gain,-12dB – 0dB – +12dB,52,76,,
40,6,2WAY ROTARY SPEAKER,"Chorus, Variation, DSP1 – 5",11,Crossover Frequency,100Hz – 10kHz,14,54,Table #3,
40,6,2WAY ROTARY SPEAKER,"Chorus, Variation, DSP1 – 5",12,Mic L-R Angle,0deg – 180deg,0,60,,
40,6,2WAY ROTARY SPEAKER,"Chorus, Variation, DSP1 – 5",12,Mic L-R Angle,(resolution=3deg.),,,,
40,7,DIST ROTARY SPEAKER,"Variation, DSP1 – 5",1,LFO Frequency,0.00Hz – 39.7Hz,0,127,Table #8,yes
40,7,DIST ROTARY SPEAKER,"Variation, DSP1 – 5",2,LFO Depth,0 – 127,0,127,,
40,7,DIST ROTARY SPEAKER,"Variation, DSP1 – 5",6,EQ Low Frequency,32Hz – 2.0kHz,4,40,Table #3,
40,7,DIST ROTARY SPEAKER,"Variation, DSP1 – 5",7,EQ Low Gain,-12dB – 0dB – +12dB,52,76,,
40,7,DIST ROTARY SPEAKER,"Variation, DSP1 – 5",8,EQ High Frequency,500Hz – 16kHz,28,58,Table #3,
40,7,DIST ROTARY SPEAKER,"Variation, DSP1 – 5",9,EQ High Gain,-12dB – 0dB – +12dB,52,76,,
40,7,DIST ROTARY SPEAKER,"Variation, DSP1 – 5",10,Dry/Wet,D63>W – D=W – D<W63,1,127,,
40,7,DIST ROTARY SPEAKER,"Variation, DSP1 – 5",14,Drive,0 – 127,0,127,,
40,7,DIST ROTARY SPEAKER,"Variation, DSP1 – 5",15,LPF Cutoff Frequency,"1.0kHz – 18kHz, Thru",34,60,Table #3,
40,7,DIST ROTARY SPEAKER,"Variation, DSP1 – 5",16,Output Level,0 – 127,0,127,,
41,1,DIST 2WAY ROTARY SP,"Variation, DSP1 – 5",1,Rotor Speed,0.00Hz – 39.7Hz,0,127,Table #8,yes
41,1,DIST 2WAY ROTARY SP,"Variation, DSP1 – 5",2,Drive Low,0 – 127,0,127,,
41,1,DIST 2WAY ROTARY SP,"Variation, DSP1 – 5",3,Drive High,0 – 127,0,127,,
41,1,DIST 2WAY ROTARY SP,"Variation, DSP1 – 5",4,Low/High Balance,L63>H – L=H – L<H63,1,127,,
41,1,DIST 2WAY ROTARY SP,"Variation, DSP1 – 5",6,EQ Low Frequency,32Hz – 2.0kHz,4,40,Table #3,
41,1,DIST 2WAY ROTARY SP,"Variation, DSP1 – 5",7,EQ Low Gain,-12dB – 0dB – +12dB,52,76,,
41,1,DIST 2WAY ROTARY SP,"Variation, DSP1 – 5",8,EQ High Frequency,500Hz – 16kHz,28,58,Table #3,
41,1,DIST 2WAY ROTARY SP,"Variation, DSP1 – 5",9,EQ High Gain,-12dB – 0dB – +12dB,52,76,,
41,1,DIST 2WAY ROTARY SP,"Variation, DSP1 – 5",11,Crossover Frequency,100Hz – 10kHz,14,54,Table #3,
41,1,DIST 2WAY ROTARY SP,"Variation, DSP1 – 5",12,Mic L-R Angle,0deg – 180deg,0,60,,
41,1,DIST 2WAY ROTARY SP,"Variation, DSP1 – 5",12,Mic L-R Angle,(resolution=3deg.),,,,
41,1,DIST 2WAY ROTARY SP,"Variation, DSP1 – 5",14,Drive,0 – 127,0,127,,
41,1,DIST 2WAY ROTARY SP,"Variation, DSP1 – 5",15,LPF Cutoff Frequency,"1.0kHz – 18kHz, Thru",34,60,Table #3,
41,1,DIST 2WAY ROTARY SP,"Variation, DSP1 – 5",16,Output Level,0 – 127,0,127,,
41,2,AMP ROTARY SPEAKER,"Variation, DSP1 – 5",1,LFO Frequency,0.00Hz – 39.7Hz,0,127,Table #8,yes
41,2,AMP ROTARY SPEAKER,"Variation, DSP1 – 5",2,LFO Depth,0 – 127,0,127,,
41,2,AMP ROTARY SPEAKER,"Variation, DSP1 – 5",3,Amp Type,"Off, Stack, Combo, Tube",0,3,,
41,2,AMP ROTARY SPEAKER,"Variation, DSP1 – 5",6,EQ Low Frequency,32Hz – 2.0kHz,4,40,Table #3,
41,2,AMP ROTARY SPEAKER,"Variation, DSP1 – 5",7,EQ Low Gain,-12dB – 0dB – +12dB,52,76,,
41,2,AMP ROTARY SPEAKER,"Variation, DSP1 – 5",8,EQ High Frequency,500Hz – 16kHz,28,58,Table #3,
41,2,AMP ROTARY SPEAKER,"Variation, DSP1 – 5",9,EQ High Gain,-12dB – 0dB – +12dB,52,76,,
41,2,AMP ROTARY SPEAKER,"Variation, DSP1 – 5",10,Dry/Wet,D63>W – D=W – D<W63,1,127,,
41,2,AMP ROTARY SPEAKER,"Variation, DSP1 – 5",14,Drive,0 – 127,0,127,,
41,2,AMP ROTARY SPEAKER,"Variation, DSP1 – 5",15,LPF Cutoff Frequency,"1.0kHz – 18kHz, Thru",34,60,Table #3,
41,2,AMP ROTARY SPEAKER,"Variation, DSP1 – 5",16,Output Level,0 – 127,0,127,,
41,3,AMP 2WAY ROTARY SP,"Variation, DSP1 – 5",1,Rotor Speed,0.00Hz – 39.7Hz,0,127,Table #8,yes
41,3,AMP 2WAY ROTARY SP,"Variation, DSP1 – 5",2,Drive Low,0 – 127,0,127,,
41,3,AMP 2WAY ROTARY SP,"Variation, DSP1 – 5",3,Drive High,0 – 127,0,127,,
41,3,AMP 2WAY ROTARY SP,"Variation, DSP1 – 5",4,Low/High Balance,L63>H – L=H – L<H63,1,127,,
41,3,AMP 2WAY ROTARY SP,"Variation, DSP1 – 5",6,EQ Low Frequency,32Hz – 2.0kHz,4,40,Table #3,
41,3,AMP 2WAY ROTARY SP,"Variation, DSP1 – 5",7,EQ Low Gain,-12dB – 0dB – +12dB,52,76,,
41,3,AMP 2WAY ROTARY SP,"Variation, DSP1 – 5",8,EQ High Frequency,500Hz – 16kHz,28,58,Table #3,
41,3,AMP 2WAY ROTARY SP,"Variation, DSP1 – 5",9,EQ High Gain,-12dB – 0dB – +12dB,52,76,,
41,3,AMP 2WAY ROTARY SP,"Variation, DSP1 – 5",11,Crossover Frequency,100Hz – 10kHz,14,54,Table #3,
41,3,AMP 2WAY ROTARY SP,"Variation, DSP1 – 5",12,Mic L-R Angle,0deg – 180deg,0,60,,
41,3,AMP 2WAY ROTARY SP,"Variation, DSP1 – 5",12,Mic L-R Angle,(resolution=3deg.),,,,
41,3,AMP 2WAY ROTARY SP,"Variation, DSP1 – 5",13,Amp Type,"Off, Stack, Combo, Tube",0,3,,
41,3,AMP 2WAY ROTARY SP,"Variation, DSP1 – 5",14,Drive,0 – 127,0,127,,
41,3,AMP 2WAY ROTARY SP,"Variation, DSP1 – 5",15,LPF Cutoff Frequency,"1.0kHz – 18kHz, Thru",34,60,Table #3,
41,3,AMP 2WAY ROTARY SP,"Variation, DSP1 – 5",16,Output Level,0 – 127,0,127,,
41,4,AUTO PAN1,"Chorus, Variation, DSP1 – 5",1,LFO Frequency,0.00Hz – 39.7Hz,0,127,Table #8,yes
41,4,AUTO PAN1,"Chorus, Variation, DSP1 – 5",2,L/R Depth,0 – 127,0,127,,
41,4,AUTO PAN1,"Chorus, Variation, DSP1 – 5",3,F/R Depth,0 – 127,0,127,,
41,4,AUTO PAN1,"Chorus, Variation, DSP1 – 5",4,Pan Direction,"L<->R, L->R, L<-R, Lturn,",0,5,,
41,4,AUTO PAN1,"Chorus, Variation, DSP1 – 5",4,Pan Direction,"Rturn, L/R",,,,
41,4,AUTO PAN1,"Chorus, Variation, DSP1 – 5",6,EQ Low Frequency,32Hz – 2.0kHz,4,40,Table #3,
41,4,AUTO PAN1,"Chorus, Variation, DSP1 – 5",7,EQ Low Gain,-12dB – 0dB – +12dB,52,76,,
41,4,AUTO PAN1,"Chorus, Variation, DSP1 – 5",8,EQ High Frequency,500Hz – 16kHz,28,58,Table #3,
41,4,AUTO PAN1,"Chorus, Variation, DSP1 – 5",9,EQ High Gain,-12dB – 0dB – +12dB,52,76,,
41,4,AUTO PAN1,"Chorus, Variation, DSP1 – 5",11,EQ Mid Frequency,100Hz – 10kHz,14,54,Table #3,
41,4,AUTO PAN1,"Chorus, Variation, DSP1 – 5",12,EQ Mid Gain,-12dB – 0dB – +12dB,52,76,,
41,4,AUTO PAN1,"Chorus, Variation, DSP1 – 5",13,EQ Mid Width,0.1 – 12.0,1,120,,
41,5,AUTO PAN2,"Chorus, Variation, DSP1 – 5",1,LFO Frequency,0.00Hz – 39.7Hz,0,127,Table #8,yes
41,5,AUTO PAN2,"Chorus, Variation, DSP1 – 5",2,L/R Depth,0 – 127,0,127,,
41,5,AUTO PAN2,"Chorus, Variation, DSP1 – 5",3,F/R Depth,0 – 127,0,127,,
41,5,AUTO PAN2,"Chorus, Variation, DSP1 – 5",4,Pan Direction,"L<->R, L->R, L<-R, Lturn,",0,5,,
41,5,AUTO PAN2,"Chorus, Variation, DSP1 – 5",4,Pan Direction,"Rturn, L/R",,,,
41,5,AUTO PAN2,"Chorus, Variation, DSP1 – 5",5,LFO Wave,0 – 28,0,28,,
41,5,AUTO PAN2,"Chorus, Variation, DSP1 – 5",6,EQ Low Frequency,32Hz – 2.0kHz,4,40,Table #3,
41,5,AUTO PAN2,"Chorus, Variation, DSP1 – 5",7,EQ Low Gain,-12dB – 0dB – +12dB,52,76,,
41,5,AUTO PAN2,"Chorus, Variation, DSP1 – 5",8,EQ High Frequency,500Hz – 16kHz,28,58,Table #3,
41,5,AUTO PAN2,"Chorus, Variation, DSP1 – 5",9,EQ High Gain,-12dB – 0dB – +12dB,52,76,,
41,5,AUTO PAN2,"Chorus, Variation, DSP1 – 5",11,EQ Mid Frequency,100Hz – 10kHz,14,54,Table #3,
41,5,AUTO PAN2,"Chorus, Variation, DSP1 – 5",12,EQ Mid Gain,-12dB – 0dB – +12dB,52,76,,
41,5,AUTO PAN2,"Chorus, Variation, DSP1 – 5",13,EQ Mid Width,0.1 – 12.0,1,120,,
41,5,AUTO PAN2,"Chorus, Variation, DSP1 – 5",15,Input Mode,"Mono, Stereo",0,1,,
41,6,TEMPO AUTO PAN1,"Chorus, Variation, DSP1 – 5",1,LFO Frequency,16th – 4thx16,5,29,Table #5,yes
41,6,TEMPO AUTO PAN1,"Chorus, Variation, DSP1 – 5",2,L/R Depth,0 – 127,0,127,,
41,6,TEMPO AUTO PAN1,"Chorus, Variation, DSP1 – 5",3,F/R Depth,0 – 127,0,127,,
41,6,TEMPO AUTO PAN1,"Chorus, Variation, DSP1 – 5",4,Pan Direction,"L<->R, L->R, L<-R, Lturn,",0,5,,
41,6,TEMPO AUTO PAN1,"Chorus, Variation, DSP1 – 5",4,Pan Direction,"Rturn, L/R",,,,
41,6,TEMPO AUTO PAN1,"Chorus, Variation, DSP1 – 5",6,EQ Low Frequency,32Hz – 2.0kHz,4,40,Table #3,
41,6,TEMPO AUTO PAN1,"Chorus, Variation, DSP1 – 5",7,EQ Low Gain,-12dB – 0dB – +12dB,52,76,,
41,6,TEMPO AUTO PAN1,"Chorus, Variation, DSP1 – 5",8,EQ High Frequency,500Hz – 16kHz,28,58,Table #3,
41,6,TEMPO AUTO PAN1,"Chorus, Variation, DSP1 – 5",9,EQ High Gain,-12dB – 0dB – +12dB,52,76,,
41,6,TEMPO AUTO PAN1,"Chorus, Variation, DSP1 – 5",11,EQ Mid Frequency,100Hz – 10kHz,14,54,Table #3,
41,6,TEMPO AUTO PAN1,"Chorus, Variation, DSP1 – 5",12,EQ Mid Gain,-12dB – 0dB – +12dB,52,76,,
41,6,TEMPO AUTO PAN1,"Chorus, Variation, DSP1 – 5",13,EQ Mid Width,0.1 – 12.0,1,120,,
41,7,TEMPO AUTO PAN2,"Chorus, Variation, DSP1 – 5",1,LFO Frequency,16th – 4thx16,5,29,Table #5,yes
41,7,TEMPO AUTO PAN2,"Chorus, Variation, DSP1 – 5",2,L/R Depth,0 – 127,0,127,,
41,7,TEMPO AUTO PAN2,"Chorus, Variation, DSP1 – 5",3,F/R Depth,0 – 127,0,127,,
41,7,TEMPO AUTO PAN2,"Chorus, Variation, DSP1 – 5",4,Pan Direction,"L<->R, L->R, L<-R, Lturn,",0,5,,
41,7,TEMPO AUTO PAN2,"Chorus, Variation, DSP1 – 5",4,Pan Direction,"Rturn, L/R",,,,
41,7,TEMPO AUTO PAN2,"Chorus, Variation, DSP1 – 5",5,LFO Wave,0 – 28,0,28,,
41,7,TEMPO AUTO PAN2,"Chorus, Variation, DSP1 – 5",6,EQ Low Frequency,32Hz – 2.0kHz,4,40,Table #3,
41,7,TEMPO AUTO PAN2,"Chorus, Variation, DSP1 – 5",7,EQ Low Gain,-12dB – 0dB – +12dB,52,76,,
41,7,TEMPO AUTO PAN2,"Chorus, Variation, DSP1 – 5",8,EQ High Frequency,500Hz – 16kHz,28,58,Table #3,
41,7,TEMPO AUTO PAN2,"Chorus, Variation, DSP1 – 5",9,EQ High Gain,-12dB – 0dB – +12dB,52,76,,
41,7,TEMPO AUTO PAN2,"Chorus, Variation, DSP1 – 5",11,EQ Mid Frequency,100Hz – 10kHz,14,54,Table #3,
41,7,TEMPO AUTO PAN2,"Chorus, Variation, DSP1 – 5",12,EQ Mid Gain,-12dB – 0dB – +12dB,52,76,,
41,7,TEMPO AUTO PAN2,"Chorus, Variation, DSP1 – 5",13,EQ Mid Width,0.1 – 12.0,1,120,,
41,7,TEMPO AUTO PAN2,"Chorus, Variation, DSP1 – 5",15,Input Mode,"Mono, Stereo",0,1,,
41,8,TREMOLO,"Chorus, Variation, DSP1 – 5",1,LFO Frequency,0.00Hz – 39.7Hz,0,127,Table #8,yes
41,8,TREMOLO,"Chorus, Variation, DSP1 – 5",2,AM Depth,0 – 127,0,127,,
41,8,TREMOLO,"Chorus, Variation, DSP1 – 5",3,PM Depth,0 – 127,0,127,,
41,8,TREMOLO,"Chorus, Variation, DSP1 – 5",6,EQ Low Frequency,32Hz – 2.0kHz,4,40,Table #3,
41,8,TREMOLO,"Chorus, Variation, DSP1 – 5",7,EQ Low Gain,-12dB – 0dB – +12dB,52,76,,
41,8,TREMOLO,"Chorus, Variation, DSP1 – 5",8,EQ High Frequency,500Hz – 16kHz,28,58,Table #3,
41,8,TREMOLO,"Chorus, Variation, DSP1 – 5",9,EQ High Gain,-12dB – 0dB – +12dB,52,76,,
41,8,TREMOLO,"Chorus, Variation, DSP1 – 5",11,EQ Mid Frequency,100Hz – 10kHz,14,54,Table #3,
41,8,TREMOLO,"Chorus, Variation, DSP1 – 5",12,EQ Mid Gain,-12dB – 0dB – +12dB,52,76,,
41,8,TREMOLO,"Chorus, Variation, DSP1 – 5",13,EQ Mid Width,0.1 – 12.0,1,120,,
41,8,TREMOLO,"Chorus, Variation, DSP1 – 5",14,LFO Phase Difference,-180deg – 0deg – +180deg,4,124,,
41,8,TREMOLO,"Chorus, Variation, DSP1 – 5",14,LFO Phase Difference,(resolution=3deg.),,,,
41,8,TREMOLO,"Chorus, Variation, DSP1 – 5",15,Input Mode,"Mono, Stereo",0,1,,
42,1,TEMPO TREMOLO,"Chorus, Variation, DSP1 – 5",1,LFO Frequency,16th – 4thx16,5,29,Table #5,yes
42,1,TEMPO TREMOLO,"Chorus, Variation, DSP1 – 5",2,AM Depth,0 – 127,0,127,,
42,1,TEMPO TREMOLO,"Chorus, Variation, DSP1 – 5",3,PM Depth,0 – 127,0,127,,
42,1,TEMPO TREMOLO,"Chorus, Variation, DSP1 – 5",6,EQ Low Frequency,32Hz – 2.0kHz,4,40,Table #3,
42,1,TEMPO TREMOLO,"Chorus, Variation, DSP1 – 5",7,EQ Low Gain,-12dB – 0dB – +12dB,52,76,,
42,1,TEMPO TREMOLO,"Chorus, Variation, DSP1 – 5",8,EQ High Frequency,500Hz – 16kHz,28,58,Table #3,
42,1,TEMPO TREMOLO,"Chorus, Variation, DSP1 – 5",9,EQ High Gain,-12dB – 0dB – +12dB,52,76,,
42,1,TEMPO TREMOLO,"Chorus, Variation, DSP1 – 5",11,EQ Mid Frequency,100Hz – 10kHz,14,54,Table #3,
42,1,TEMPO TREMOLO,"Chorus, Variation, DSP1 – 5",12,EQ Mid Gain,-12dB – 0dB – +12dB,52,76,,
42,1,TEMPO TREMOLO,"Chorus, Variation, DSP1 – 5",13,EQ Mid Width,0.1 – 12.0,1,120,,
42,1,TEMPO TREMOLO,"Chorus, Variation, DSP1 – 5",14,LFO Phase Difference,-180deg – 0deg – +180deg,4,124,,
42,1,TEMPO TREMOLO,"Chorus, Variation, DSP1 – 5",14,LFO Phase Difference,(resolution=3deg.),,,,
42,1,TEMPO TREMOLO,"Chorus, Variation, DSP1 – 5",15,Input Mode,"Mono, Stereo",0,1,,
42,2,VIBE VIBRATE,"Chorus, Variation, DSP1 – 5",1,Rotor Speed,0.00Hz – 39.7Hz,0,127,Table #8,
42,2,VIBE VIBRATE,"Chorus, Variation, DSP1 – 5",2,AM Depth,0 – 127,0,127,,
42,2,VIBE VIBRATE,"Chorus, Variation, DSP1 – 5",3,PM Depth,0 – 127,0,127,,
42,2,VIBE VIBRATE,"Chorus, Variation, DSP1 – 5",6,EQ Low Frequency,32Hz – 2.0kHz,4,40,Table #3,
42,2,VIBE VIBRATE,"Chorus, Variation, DSP1 – 5",7,EQ Low Gain,-12dB – 0dB – +12dB,52,76,,
42,2,VIBE VIBRATE,"Chorus, Variation, DSP1 – 5",8,EQ High Frequency,500Hz – 16kHz,28,58,Table #3,
42,2,VIBE VIBRATE,"Chorus, Variation, DSP1 – 5",9,EQ High Gain,-12dB – 0dB – +12dB,52,76,,
42,2,VIBE VIBRATE,"Chorus, Variation, DSP1 – 5",10,Dry/Wet,D63>W – D=W – D<W63,1,127,,
42,2,VIBE VIBRATE,"Chorus, Variation, DSP1 – 5",11,EQ Mid Frequency,100Hz – 10kHz,14,54,Table #3,
42,2,VIBE VIBRATE,"Chorus, Variation, DSP1 – 5",12,EQ Mid Gain,-12dB – 0dB – +12dB,52,76,,
42,2,VIBE VIBRATE,"Chorus, Variation, DSP1 – 5",13,EQ Mid Width,0.1 – 12.0,1,120,,
42,2,VIBE VIBRATE,"Chorus, Variation, DSP1 – 5",14,LFO Phase Difference,-180deg – 0deg – +180deg,4,124,,
42,2,VIBE VIBRATE,"Chorus, Variation, DSP1 – 5",14,LFO Phase Difference,(resolution=3deg.),,,,
42,2,VIBE VIBRATE,"Chorus, Variation, DSP1 – 5",15,Input Mode,"Mono, Stereo",0,1,,
42,2,VIBE VIBRATE,"Chorus, Variation, DSP1 – 5",16,Rotor SW,"Off, On",0,1,,yes
42,3,COMPRESSOR,"Variation, DSP1 – 5",1,Attack,1ms – 40ms,0,19,Table #18,
42,3,COMPRESSOR,"Variation, DSP1 – 5",2,Release,10ms – 680ms,0,15,Table #19,
42,3,COMPRESSOR,"Variation, DSP1 – 5",3,Threshold,-48dB – -6dB,79,121,,
42,3,COMPRESSOR,"Variation, DSP1 – 5",4,Ratio,1.0 – 20.0,0,7,Table #20,
42,3,COMPRESSOR,"Variation, DSP1 – 5",5,Output Level,0 – 127,0,127,,
42,4,MULTI BAND COMP,"Variation, DSP1 – 5",1,Type,"Normal, Low, Mid, High,",0,12,,
42,4,MULTI BAND COMP,"Variation, DSP1 – 5",1,Type,"Low/High, Low/Mid, Mid/",,,,
42,4,MULTI BAND COMP,"Variation, DSP1 – 5",1,Type,"High, Full Bit, Wild, Attacky,",,,,
42,4,MULTI BAND COMP,"Variation, DSP1 – 5",1,Type,"Low End, Hard, Basic",,,,
42,4,MULTI BAND COMP,"Variation, DSP1 – 5",2,Threshold Offset,-32 – 0 – +32,32,96,,yes
42,4,MULTI BAND COMP,"Variation, DSP1 – 5",3,Low Gain Offset,-63 – 0 – +63,1,127,,
42,4,MULTI BAND COMP,"Variation, DSP1 – 5",4,Mid Gain Offset,-63 – 0 – +63,1,127,,
42,4,MULTI BAND COMP,"Variation, DSP1 – 5",5,High Gain Offset,-63 – 0 – +63,1,127,,
42,5,NOISE GATE,"Variation, DSP1 – 5",1,Attack,1ms – 40ms,0,19,Table #18,
42,5,NOISE GATE,"Variation, DSP1 – 5",2,Release,10ms – 680ms,0,15,Table #19,
42,5,NOISE GATE,"Variation, DSP1 – 5",3,Threshold,-72dB – -30dB,55,97,,
42,5,NOISE GATE,"Variation, DSP1 – 5",4,Output Level,0 – 127,0,127,,
42,6,3BAND EQ,"Variation, DSP1 – 5",1,EQ Low Gain,-12dB – 0dB – +12dB,52,76,,
42,6,3BAND EQ,"Variation, DSP1 – 5",2,EQ Mid Frequency,100Hz – 16kHz,14,58,Table #3,
42,6,3BAND EQ,"Variation, DSP1 – 5",3,EQ Mid Gain,-12dB – 0dB – +12dB,52,76,,
42,6,3BAND EQ,"Variation, DSP1 – 5",4,EQ Mid Width,0.1 – 12.0,1,120,,
42,6,3BAND EQ,"Variation, DSP1 – 5",5,EQ High Gain,-12dB – 0dB – +12dB,52,76,,
42,6,3BAND EQ,"Variation, DSP1 – 5",6,EQ Low Frequency,50Hz – 2.0kHz,8,40,Table #3,
42,6,3BAND EQ,"Variation, DSP1 – 5",7,EQ High Frequency,500Hz – 16kHz,28,58,Table #3,
42,6,3BAND EQ,"Variation, DSP1 – 5",15,Input Mode,"Mono, Stereo",0,1,,
42,7,2BAND EQ,"Variation, DSP1 – 5",1,EQ Low Frequency,32Hz – 2.0kHz,4,40,Table #3,
42,7,2BAND EQ,"Variation, DSP1 – 5",2,EQ Low Gain,-12dB – 0dB – +12dB,52,76,,
42,7,2BAND EQ,"Variation, DSP1 – 5",3,EQ High Frequency,500Hz – 16kHz,28,58,Table #3,
42,7,2BAND EQ,"Variation, DSP1 – 5",4,EQ High Gain,-12dB – 0dB – +12dB,52,76,,
42,8,HARMONIC ENHANCER,"Variation, DSP1 – 5",1,HPF Cutoff Frequency,500Hz – 16kHz,28,58,Table #3,
42,8,HARMONIC ENHANCER,"Variation, DSP1 – 5",2,Drive,0 – 127,0,127,,
42,8,HARMONIC ENHANCER,"Variation, DSP1 – 5",3,Mix Level,0 – 127,0,127,,
43,1,PITCH CHANGE1,"Chorus, Variation, DSP1 – 5",1,Pitch,-24 – 0 – +24,40,88,,
43,1,PITCH CHANGE1,"Chorus, Variation, DSP1 – 5",2,Initial Delay Time,0.1ms – 400.0ms,0,127,Table #6,
43,1,PITCH CHANGE1,"Chorus, Variation, DSP1 – 5",3,Fine 1,-50 – 0 – +50,14,114,,
43,1,PITCH CHANGE1,"Chorus, Variation, DSP1 – 5",4,Fine 2,-50 – 0 – +50,14,114,,
43,1,PITCH CHANGE1,"Chorus, Variation, DSP1 – 5",5,Feedback Level,-63 – 0 – +63,1,127,,
43,1,PITCH CHANGE1,"Chorus, Variation, DSP1 – 5",10,Dry/Wet,D63>W – D=W – D<W63,1,127,,yes
43,1,PITCH CHANGE1,"Chorus, Variation, DSP1 – 5",11,Pan 1,L63 – C – R63,1,127,,
43,1,PITCH CHANGE1,"Chorus, Variation, DSP1 – 5",12,Output Level 1,0 – 127,0,127,,
43,1,PITCH CHANGE1,"Chorus, Variation, DSP1 – 5",13,Pan 2,L63 – C – R63,1,127,,
43,1,PITCH CHANGE1,"Chorus, Variation, DSP1 – 5",14,Output Level 2,0 – 127,0,127,,
43,2,PITCH CHANGE2,"Chorus, Variation, DSP1 – 5",1,Pitch,-24 – 0 – +24,40,88,,
43,2,PITCH CHANGE2,"Chorus, Variation, DSP1 – 5",2,Initial Delay,0.1ms – 400.0ms,0,127,Table #6,
43,2,PITCH CHANGE2,"Chorus, Variation, DSP1 – 5",3,Fine 1,-50cent – 0cent – +50cent,14,114,,
43,2,PITCH CHANGE2,"Chorus, Variation, DSP1 – 5",4,Fine 2,-50cent – 0cent – +50cent,14,114,,
43,2,PITCH CHANGE2,"Chorus, Variation, DSP1 – 5",5,Feedback Level,-63 – 0 – +63,1,127,,
43,2,PITCH CHANGE2,"Chorus, Variation, DSP1 – 5",10,Dry/Wet,D63>W – D=W – D<W63,1,127,,yes
43,2,PITCH CHANGE2,"Chorus, Variation, DSP1 – 5",11,Pan 1,L63 – C – R63,1,127,,
43,2,PITCH CHANGE2,"Chorus, Variation, DSP1 – 5",12,Output Level 1,0 – 127,0,127,,
43,2,PITCH CHANGE2,"Chorus, Variation, DSP1 – 5",13,Pan 2,L63 – C – R63,1,127,,
43,2,PITCH CHANGE2,"Chorus, Variation, DSP1 – 5",14,Output Level 2,0 – 127,0,127,,
43,3,VOICE CANCELAR,"Variation, DSP1 – 5",11,Low Adjust,0 – 26,0,26,,
43,3,VOICE CANCELAR,"Variation, DSP1 – 5",12,High Adjust,0 – 26,0,26,,
43,4,AMBIENCE,"Variation, DSP1 – 5",1,Delay Time,0.0ms – 50.0ms,0,127,Table #9,
43,4,AMBIENCE,"Variation, DSP1 – 5",2,Output Phase,"Normal, Inverse",0,1,,
43,4,AMBIENCE,"Variation, DSP1 – 5",6,EQ Low Frequency,32Hz – 2.0kHz,4,40,Table #3,
43,4,AMBIENCE,"Variation, DSP1 – 5",7,EQ Low Gain,-12dB – 0dB – +12dB,52,76,,
43,4,AMBIENCE,"Variation, DSP1 – 5",8,EQ High Frequency,500Hz – 16kHz,28,58,Table #3,
43,4,AMBIENCE,"Variation, DSP1 – 5",9,EQ High Gain,-12dB – 0dB – +12dB,52,76,,
43,4,AMBIENCE,"Variation, DSP1 – 5",10,Dry/Wet,D63>W – D=W – D<W63,1,127,,yes
43,5,TALKING MODULATION,"Variation, DSP1 – 5",1,Vowel,"a, i, u, e, o",0,4,,yes
43,5,TALKING MODULATION,"Variation, DSP1 – 5",2,Move Speed,1 – 62,1,62,,
43,5,TALKING MODULATION,"Variation, DSP1 – 5",3,Drive,0 – 127,0,127,,
43,5,TALKING MODULATION,"Variation, DSP1 – 5",4,Output Level,0 – 127,0,127,,
43,6,LO FI,"Variation, DSP1 – 5",1,Sampling Frequency,44.1kHz – 345.0Hz,0,127,Table #39,
43,6,LO FI,"Variation, DSP1 – 5",,Control,,,,,
43,6,LO FI,"Variation, DSP1 – 5",2,Word Length,1 – 127,1,127,,
43,6,LO FI,"Variation, DSP1 – 5",3,Output Gain,-6dB – 0dB – +36dB,0,42,,
43,6,LO FI,"Variation, DSP1 – 5",4,LPF Cutoff Frequency,"63Hz – 18kHz, Thru",10,60,Table #3,
43,6,LO FI,"Variation, DSP1 – 5",5,Filter Type,"Thru, PowerBass, Radio,",0,5,,
43,6,LO FI,"Variation, DSP1 – 5",5,Filter Type,"Tel, Clean, Low",,,,
43,6,LO FI,"Variation, DSP1 – 5",6,LPF Resonance,1.0 – 12.0,10,120,,
43,6,LO FI,"Variation, DSP1 – 5",7,Bit Assign,0 – 6,0,6,,
43,6,LO FI,"Variation, DSP1 – 5",8,Emphasis,"Off, On",0,1,,
43,6,LO FI,"Variation, DSP1 – 5",10,Dry/Wet,D63>W – D=W – D<W63,1,127,,yes
43,6,LO FI,"Variation, DSP1 – 5",15,Input Mode,"Mono, Stereo",0,1,,
43,7,DYNAMIC FILTER,"Variation, DSP1 – 5",1,Filter Type,"LPF(12dB), LPF(18dB),",0,5,,
43,7,DYNAMIC FILTER,"Variation, DSP1 – 5",1,Filter Type,"LPF(24dB), HPF, BPF, BEF",,,,
43,7,DYNAMIC FILTER,"Variation, DSP1 – 5",2,Sensitivity,0 – 127,0,127,,yes
43,7,DYNAMIC FILTER,"Variation, DSP1 – 5",3,Dyna Level Offset,0 – 127,0,127,,
43,7,DYNAMIC FILTER,"Variation, DSP1 – 5",4,Resonance,-16 – 0 – +111,0,127,,
43,7,DYNAMIC FILTER,"Variation, DSP1 – 5",5,Attack Time,0.3ms – 227ms,0,127,Table #13,
43,7,DYNAMIC FILTER,"Variation, DSP1 – 5",6,Release Time,2.6ms – 2171.4ms,0,127,Table #14,
43,7,DYNAMIC FILTER,"Variation, DSP1 – 5",7,Release Curve,0 – 127,0,127,,
43,7,DYNAMIC FILTER,"Variation, DSP1 – 5",8,Direction,"Up, Down",0,1,,
43,7,DYNAMIC FILTER,"Variation, DSP1 – 5",9,Dyna Threshold Level,0 – 127,0,127,,
43,7,DYNAMIC FILTER,"Variation, DSP1 – 5",10,Dry/Wet,D63>W – D=W – D<W63,1,127,,
43,7,DYNAMIC FILTER,"Variation, DSP1 – 5",13,EQ Low Frequency,32Hz – 2.0kHz,4,40,Table #3,
43,7,DYNAMIC FILTER,"Variation, DSP1 – 5",14,EQ Low Gain,-12dB – 0dB – +12dB,52,76,,
43,7,DYNAMIC FILTER,"Variation, DSP1 – 5",15,EQ High Frequency,500Hz – 16kHz,28,58,Table #3,
43,7,DYNAMIC FILTER,"Variation, DSP1 – 5",16,EQ High Gain,-12dB – 0dB – +12dB,52,76,,
43,8,DYNAMIC RING MOD,"Variation, DSP1 – 5",1,Sensitivity,0 – 127,0,127,,yes
43,8,DYNAMIC RING MOD,"Variation, DSP1 – 5",2,HPF Cutoff Frequency,"Thru, 22Hz – 8.0kHz",0,52,Table #3,
43,8,DYNAMIC RING MOD,"Variation, DSP1 – 5",3,LPF Cutoff Frequency,"1.0kHz – 18kHz, Thru",34,60,Table #3,
43,8,DYNAMIC RING MOD,"Variation, DSP1 – 5",4,Attack Time,0.3ms – 227ms,0,127,Table #13,
43,8,DYNAMIC RING MOD,"Variation, DSP1 – 5",5,Release Time,2.6ms – 2171.4ms,0,127,Table #14,
43,8,DYNAMIC RING MOD,"Variation, DSP1 – 5",6,Release Curve,0 – 127,0,127,,
43,8,DYNAMIC RING MOD,"Variation, DSP1 – 5",7,Direction,"Up, Down",0,1,,
43,8,DYNAMIC RING MOD,"Variation, DSP1 – 5",8,Dyna Threshold Level,0 – 127,0,127,,
43,8,DYNAMIC RING MOD,"Variation, DSP1 – 5",9,Dyna Level Offset,0 – 127,0,127,,
43,8,DYNAMIC RING MOD,"Variation, DSP1 – 5",10,Dry/Wet,D63>W – D=W – D<W63,1,127,,
43,8,DYNAMIC RING MOD,"Variation, DSP1 – 5",13,EQ Low Frequency,32Hz – 2.0kHz,4,40,Table #3,
43,8,DYNAMIC RING MOD,"Variation, DSP1 – 5",14,EQ Low Gain,-12dB – 0dB – +12dB,52,76,,
43,8,DYNAMIC RING MOD,"Variation, DSP1 – 5",15,EQ High Frequency,500Hz – 16kHz,28,58,Table #3,
43,8,DYNAMIC RING MOD,"Variation, DSP1 – 5",16,EQ High Gain,-12dB – 0dB – +12dB,52,76,,
44,1,RING MODULATOR,"Variation, DSP1 – 5",1,Osc Frequency,0.7Hz – 5002.6kHz,0,127,Table #40,yes
44,1,RING MODULATOR,"Variation, DSP1 – 5",,Coarse,,,,,
44,1,RING MODULATOR,"Variation, DSP1 – 5",2,Osc Frequency Fine,0 – 127,0,127,,
44,1,RING MODULATOR,"Variation, DSP1 – 5",3,LFO Wave,"Triangle, Sine",0,1,,
44,1,RING MODULATOR,"Variation, DSP1 – 5",4,LFO Depth,0 – 127,0,127,,
44,1,RING MODULATOR,"Variation, DSP1 – 5",5,LFO Frequency,0.00Hz – 39.7Hz,0,127,Table #8,
44,1,RING MODULATOR,"Variation, DSP1 – 5",6,HPF Cutoff Frequency,"Thru, 22Hz – 8.0kHz",0,52,Table #3,
44,1,RING MODULATOR,"Variation, DSP1 – 5",7,LPF Cutoff Frequency,"1.0kHz – 18kHz, Thru",34,60,Table #3,
44,1,RING MODULATOR,"Variation, DSP1 – 5",10,Dry/Wet,D63>W – D=W – D<W63,1,127,,
44,1,RING MODULATOR,"Variation, DSP1 – 5",13,EQ Low Frequency,32Hz – 2.0kHz,4,40,Table #3,
44,1,RING MODULATOR,"Variation, DSP1 – 5",14,EQ Low Gain,-12dB – 0dB – +12dB,52,76,,
44,1,RING MODULATOR,"Variation, DSP1 – 5",15,EQ High Frequency,500Hz – 16kHz,28,58,Table #3,
44,1,RING MODULATOR,"Variation, DSP1 – 5",16,EQ High Gain,-12dB – 0dB – +12dB,52,76,,
44,2,ISOLATOR,"Variation, DSP1 – 5",1,On/Off SW,"Off, On",0,1,,yes
44,2,ISOLATOR,"Variation, DSP1 – 5",2,Low Level,0 – 127,0,127,,
44,2,ISOLATOR,"Variation, DSP1 – 5",3,Mid Level,0 – 127,0,127,,
44,2,ISOLATOR,"Variation, DSP1 – 5",4,High Level,0 – 127,0,127,,
44,2,ISOLATOR,"Variation, DSP1 – 5",5,Low Mute,"Off, On",0,1,,
44,2,ISOLATOR,"Variation, DSP1 – 5",6,Mid Mute,"Off, On",0,1,,
44,2,ISOLATOR,"Variation, DSP1 – 5",7,High Mute,"Off, On",0,1,,
