dl_page,table,value_table,title,data,value
45,1,Table #1,Reverb Time [s],0,0.3
45,1,Table #1,Reverb Time [s],32,3.5
45,1,Table #1,Reverb Time [s],64,17.0
45,1,Table #1,Reverb Time [s],1,0.4
45,1,Table #1,Reverb Time [s],33,3.6
45,1,Table #1,Reverb Time [s],65,18.0
45,1,Table #1,Reverb Time [s],2,0.5
45,1,Table #1,Reverb Time [s],34,3.7
45,1,Table #1,Reverb Time [s],66,19.0
45,1,Table #1,Reverb Time [s],3,0.6
45,1,Table #1,Reverb Time [s],35,3.8
45,1,Table #1,Reverb Time [s],67,20.0
45,1,Table #1,Reverb Time [s],4,0.7
45,1,Table #1,Reverb Time [s],36,3.9
45,1,Table #1,Reverb Time [s],68,25.0
45,1,Table #1,Reverb Time [s],5,0.8
45,1,Table #1,Reverb Time [s],37,4.0
45,1,Table #1,Reverb Time [s],69,30.0
45,1,Table #1,Reverb Time [s],6,0.9
45,1,Table #1,Reverb Time [s],38,4.1
45,1,Table #1,Reverb Time [s],7,1.0
45,1,Table #1,Reverb Time [s],39,4.2
45,1,Table #1,Reverb Time [s],8,1.1
45,1,Table #1,Reverb Time [s],40,4.3
45,1,Table #1,Reverb Time [s],9,1.2
45,1,Table #1,Reverb Time [s],41,4.4
45,1,Table #1,Reverb Time [s],10,1.3
45,1,Table #1,Reverb Time [s],42,4.5
45,1,Table #1,Reverb Time [s],11,1.4
45,1,Table #1,Reverb Time [s],43,4.6
45,1,Table #1,Reverb Time [s],12,1.5
45,1,Table #1,Reverb Time [s],44,4.7
45,1,Table #1,Reverb Time [s],13,1.6
45,1,Table #1,Reverb Time [s],45,4.8
45,1,Table #1,Reverb Time [s],14,1.7
45,1,Table #1,Reverb Time [s],46,4.9
45,1,Table #1,Reverb Time [s],15,1.8
45,1,Table #1,Reverb Time [s],47,5.0
45,1,Table #1,Reverb Time [s],16,1.9
45,1,Table #1,Reverb Time [s],48,5.5
45,1,Table #1,Reverb Time [s],17,2.0
45,1,Table #1,Reverb Time [s],49,6.0
45,1,Table #1,Reverb Time [s],18,2.1
45,1,Table #1,Reverb Time [s],50,6.5
45,1,Table #1,Reverb Time [s],19,2.2
45,1,Table #1,Reverb Time [s],51,7.0
45,1,Table #1,Reverb Time [s],20,2.3
45,1,Table #1,Reverb Time [s],52,7.5
45,1,Table #1,Reverb Time [s],21,2.4
45,1,Table #1,Reverb Time [s],53,8.0
45,1,Table #1,Reverb Time [s],22,2.5
45,1,Table #1,Reverb Time [s],54,8.5
45,1,Table #1,Reverb Time [s],23,2.6
45,1,Table #1,Reverb Time [s],55,9.0
45,1,Table #1,Reverb Time [s],24,2.7
45,1,Table #1,Reverb Time [s],56,9.5
45,1,Table #1,Reverb Time [s],25,2.8
45,1,Table #1,Reverb Time [s],57,10.0
45,1,Table #1,Reverb Time [s],26,2.9
45,1,Table #1,Reverb Time [s],58,11.0
45,1,Table #1,Reverb Time [s],27,3.0
45,1,Table #1,Reverb Time [s],59,12.0
45,1,Table #1,Reverb Time [s],28,3.1
45,1,Table #1,Reverb Time [s],60,13.0
45,1,Table #1,Reverb Time [s],29,3.2
45,1,Table #1,Reverb Time [s],61,14.0
45,1,Table #1,Reverb Time [s],30,3.3
45,1,Table #1,Reverb Time [s],62,15.0
45,1,Table #1,Reverb Time [s],31,3.4
45,1,Table #1,Reverb Time [s],63,16.0
45,2,Table #4,Reverb Width; Depth; Height [m],0,0.5
45,2,Table #4,Reverb Width; Depth; Height [m],32,8.8
45,2,Table #4,Reverb Width; Depth; Height [m],64,17.6
45,2,Table #4,Reverb Width; Depth; Height [m],96,27.5
45,2,Table #4,Reverb Width; Depth; Height [m],1,0.8
45,2,Table #4,Reverb Width; Depth; Height [m],33,9.1
45,2,Table #4,Reverb Width; Depth; Height [m],65,17.9
45,2,Table #4,Reverb Width; Depth; Height [m],97,27.8
45,2,Table #4,Reverb Width; Depth; Height [m],2,1.0
45,2,Table #4,Reverb Width; Depth; Height [m],34,9.4
45,2,Table #4,Reverb Width; Depth; Height [m],66,18.2
45,2,Table #4,Reverb Width; Depth; Height [m],98,28.1
45,2,Table #4,Reverb Width; Depth; Height [m],3,1.3
45,2,Table #4,Reverb Width; Depth; Height [m],35,9.6
45,2,Table #4,Reverb Width; Depth; Height [m],67,18.5
45,2,Table #4,Reverb Width; Depth; Height [m],99,28.5
45,2,Table #4,Reverb Width; Depth; Height [m],4,1.5
45,2,Table #4,Reverb Width; Depth; Height [m],36,9.9
45,2,Table #4,Reverb Width; Depth; Height [m],68,18.8
45,2,Table #4,Reverb Width; Depth; Height [m],100,28.8
45,2,Table #4,Reverb Width; Depth; Height [m],5,1.8
45,2,Table #4,Reverb Width; Depth; Height [m],37,10.2
45,2,Table #4,Reverb Width; Depth; Height [m],69,19.1
45,2,Table #4,Reverb Width; Depth; Height [m],101,29.2
45,2,Table #4,Reverb Width; Depth; Height [m],6,2.0
45,2,Table #4,Reverb Width; Depth; Height [m],38,10.4
45,2,Table #4,Reverb Width; Depth; Height [m],70,19.4
45,2,Table #4,Reverb Width; Depth; Height [m],102,29.5
45,2,Table #4,Reverb Width; Depth; Height [m],7,2.3
45,2,Table #4,Reverb Width; Depth; Height [m],39,10.7
45,2,Table #4,Reverb Width; Depth; Height [m],71,19.7
45,2,Table #4,Reverb Width; Depth; Height [m],103,29.9
45,2,Table #4,Reverb Width; Depth; Height [m],8,2.6
45,2,Table #4,Reverb Width; Depth; Height [m],40,11.0
45,2,Table #4,Reverb Width; Depth; Height [m],72,20.0
45,2,Table #4,Reverb Width; Depth; Height [m],104,30.2
45,2,Table #4,Reverb Width; Depth; Height [m],9,2.8
45,2,Table #4,Reverb Width; Depth; Height [m],41,11.2
45,2,Table #4,Reverb Width; Depth; Height [m],73,20.2
45,2,Table #4,Reverb Width; Depth; Height [m],10,3.1
45,2,Table #4,Reverb Width; Depth; Height [m],42,11.5
45,2,Table #4,Reverb Width; Depth; Height [m],74,20.5
45,2,Table #4,Reverb Width; Depth; Height [m],11,3.3
45,2,Table #4,Reverb Width; Depth; Height [m],43,11.8
45,2,Table #4,Reverb Width; Depth; Height [m],75,20.8
45,2,Table #4,Reverb Width; Depth; Height [m],12,3.6
45,2,Table #4,Reverb Width; Depth; Height [m],44,12.1
45,2,Table #4,Reverb Width; Depth; Height [m],76,21.1
45,2,Table #4,Reverb Width; Depth; Height [m],13,3.9
45,2,Table #4,Reverb Width; Depth; Height [m],45,12.3
45,2,Table #4,Reverb Width; Depth; Height [m],77,21.4
45,2,Table #4,Reverb Width; Depth; Height [m],14,4.1
45,2,Table #4,Reverb Width; Depth; Height [m],46,12.6
45,2,Table #4,Reverb Width; Depth; Height [m],78,21.7
45,2,Table #4,Reverb Width; Depth; Height [m],15,4.4
45,2,Table #4,Reverb Width; Depth; Height [m],47,12.9
45,2,Table #4,Reverb Width; Depth; Height [m],79,22.0
45,2,Table #4,Reverb Width; Depth; Height [m],16,4.6
45,2,Table #4,Reverb Width; Depth; Height [m],48,13.1
45,2,Table #4,Reverb Width; Depth; Height [m],80,22.4
45,2,Table #4,Reverb Width; Depth; Height [m],17,4.9
45,2,Table #4,Reverb Width; Depth; Height [m],49,13.4
45,2,Table #4,Reverb Width; Depth; Height [m],81,22.7
45,2,Table #4,Reverb Width; Depth; Height [m],18,5.2
45,2,Table #4,Reverb Width; Depth; Height [m],50,13.7
45,2,Table #4,Reverb Width; Depth; Height [m],82,23.0
45,2,Table #4,Reverb Width; Depth; Height [m],19,5.4
45,2,Table #4,Reverb Width; Depth; Height [m],51,14.0
45,2,Table #4,Reverb Width; Depth; Height [m],83,23.3
45,2,Table #4,Reverb Width; Depth; Height [m],20,5.7
45,2,Table #4,Reverb Width; Depth; Height [m],52,14.2
45,2,Table #4,Reverb Width; Depth; Height [m],84,23.6
45,2,Table #4,Reverb Width; Depth; Height [m],21,5.9
45,2,Table #4,Reverb Width; Depth; Height [m],53,14.5
45,2,Table #4,Reverb Width; Depth; Height [m],85,23.9
45,2,Table #4,Reverb Width; Depth; Height [m],22,6.2
45,2,Table #4,Reverb Width; Depth; Height [m],54,14.8
45,2,Table #4,Reverb Width; Depth; Height [m],86,24.2
45,2,Table #4,Reverb Width; Depth; Height [m],23,6.5
45,2,Table #4,Reverb Width; Depth; Height [m],55,15.1
45,2,Table #4,Reverb Width; Depth; Height [m],87,24.5
45,2,Table #4,Reverb Width; Depth; Height [m],24,6.7
45,2,Table #4,Reverb Width; Depth; Height [m],56,15.4
45,2,Table #4,Reverb Width; Depth; Height [m],88,24.9
45,2,Table #4,Reverb Width; Depth; Height [m],25,7.0
45,2,Table #4,Reverb Width; Depth; Height [m],57,15.6
45,2,Table #4,Reverb Width; Depth; Height [m],89,25.2
45,2,Table #4,Reverb Width; Depth; Height [m],26,7.2
45,2,Table #4,Reverb Width; Depth; Height [m],58,15.9
45,2,Table #4,Reverb Width; Depth; Height [m],90,25.5
45,2,Table #4,Reverb Width; Depth; Height [m],27,7.5
45,2,Table #4,Reverb Width; Depth; Height [m],59,16.2
45,2,Table #4,Reverb Width; Depth; Height [m],91,25.8
45,2,Table #4,Reverb Width; Depth; Height [m],28,7.8
45,2,Table #4,Reverb Width; Depth; Height [m],60,16.5
45,2,Table #4,Reverb Width; Depth; Height [m],92,26.1
45,2,Table #4,Reverb Width; Depth; Height [m],29,8.0
45,2,Table #4,Reverb Width; Depth; Height [m],61,16.8
45,2,Table #4,Reverb Width; Depth; Height [m],93,26.5
45,2,Table #4,Reverb Width; Depth; Height [m],30,8.3
45,2,Table #4,Reverb Width; Depth; Height [m],62,17.1
45,2,Table #4,Reverb Width; Depth; Height [m],94,26.8
45,2,Table #4,Reverb Width; Depth; Height [m],31,8.6
45,2,Table #4,Reverb Width; Depth; Height [m],63,17.3
45,2,Table #4,Reverb Width; Depth; Height [m],95,27.1
45,3,Table #2,Delay Time (0.1 – 200.0 [ms]),0,0.1
45,3,Table #2,Delay Time (0.1 – 200.0 [ms]),32,50.5
45,3,Table #2,Delay Time (0.1 – 200.0 [ms]),64,100.8
45,3,Table #2,Delay Time (0.1 – 200.0 [ms]),96,151.2
45,3,Table #2,Delay Time (0.1 – 200.0 [ms]),1,1.7
45,3,Table #2,Delay Time (0.1 – 200.0 [ms]),33,52.0
45,3,Table #2,Delay Time (0.1 – 200.0 [ms]),65,102.4
45,3,Table #2,Delay Time (0.1 – 200.0 [ms]),97,152.8
45,3,Table #2,Delay Time (0.1 – 200.0 [ms]),2,3.2
45,3,Table #2,Delay Time (0.1 – 200.0 [ms]),34,53.6
45,3,Table #2,Delay Time (0.1 – 200.0 [ms]),66,104.0
45,3,Table #2,Delay Time (0.1 – 200.0 [ms]),98,154.4
45,3,Table #2,Delay Time (0.1 – 200.0 [ms]),3,4.8
45,3,Table #2,Delay Time (0.1 – 200.0 [ms]),35,55.2
45,3,Table #2,Delay Time (0.1 – 200.0 [ms]),67,105.6
45,3,Table #2,Delay Time (0.1 – 200.0 [ms]),99,155.9
45,3,Table #2,Delay Time (0.1 – 200.0 [ms]),4,6.4
45,3,Table #2,Delay Time (0.1 – 200.0 [ms]),36,56.8
45,3,Table #2,Delay Time (0.1 – 200.0 [ms]),68,107.1
45,3,Table #2,Delay Time (0.1 – 200.0 [ms]),100,157.5
45,3,Table #2,Delay Time (0.1 – 200.0 [ms]),5,8.0
45,3,Table #2,Delay Time (0.1 – 200.0 [ms]),37,58.3
45,3,Table #2,Delay Time (0.1 – 200.0 [ms]),69,108.7
45,3,Table #2,Delay Time (0.1 – 200.0 [ms]),101,159.1
45,3,Table #2,Delay Time (0.1 – 200.0 [ms]),6,9.5
45,3,Table #2,Delay Time (0.1 – 200.0 [ms]),38,59.9
45,3,Table #2,Delay Time (0.1 – 200.0 [ms]),70,110.3
45,3,Table #2,Delay Time (0.1 – 200.0 [ms]),102,160.6
45,3,Table #2,Delay Time (0.1 – 200.0 [ms]),7,11.1
45,3,Table #2,Delay Time (0.1 – 200.0 [ms]),39,61.5
45,3,Table #2,Delay Time (0.1 – 200.0 [ms]),71,111.9
45,3,Table #2,Delay Time (0.1 – 200.0 [ms]),103,162.2
45,3,Table #2,Delay Time (0.1 – 200.0 [ms]),8,12.7
45,3,Table #2,Delay Time (0.1 – 200.0 [ms]),40,63.1
45,3,Table #2,Delay Time (0.1 – 200.0 [ms]),72,113.4
45,3,Table #2,Delay Time (0.1 – 200.0 [ms]),104,163.8
45,3,Table #2,Delay Time (0.1 – 200.0 [ms]),9,14.3
45,3,Table #2,Delay Time (0.1 – 200.0 [ms]),41,64.6
45,3,Table #2,Delay Time (0.1 – 200.0 [ms]),73,115.0
45,3,Table #2,Delay Time (0.1 – 200.0 [ms]),105,165.4
45,3,Table #2,Delay Time (0.1 – 200.0 [ms]),10,15.8
45,3,Table #2,Delay Time (0.1 – 200.0 [ms]),42,66.2
45,3,Table #2,Delay Time (0.1 – 200.0 [ms]),74,116.6
45,3,Table #2,Delay Time (0.1 – 200.0 [ms]),106,166.9
45,3,Table #2,Delay Time (0.1 – 200.0 [ms]),11,17.4
45,3,Table #2,Delay Time (0.1 – 200.0 [ms]),43,67.8
45,3,Table #2,Delay Time (0.1 – 200.0 [ms]),75,118.2
45,3,Table #2,Delay Time (0.1 – 200.0 [ms]),107,168.5
45,3,Table #2,Delay Time (0.1 – 200.0 [ms]),12,19.0
45,3,Table #2,Delay Time (0.1 – 200.0 [ms]),44,69.4
45,3,Table #2,Delay Time (0.1 – 200.0 [ms]),76,119.7
45,3,Table #2,Delay Time (0.1 – 200.0 [ms]),108,170.1
45,3,Table #2,Delay Time (0.1 – 200.0 [ms]),13,20.6
45,3,Table #2,Delay Time (0.1 – 200.0 [ms]),45,70.9
45,3,Table #2,Delay Time (0.1 – 200.0 [ms]),77,121.3
45,3,Table #2,Delay Time (0.1 – 200.0 [ms]),109,171.7
45,3,Table #2,Delay Time (0.1 – 200.0 [ms]),14,22.1
45,3,Table #2,Delay Time (0.1 – 200.0 [ms]),46,72.5
45,3,Table #2,Delay Time (0.1 – 200.0 [ms]),78,122.9
45,3,Table #2,Delay Time (0.1 – 200.0 [ms]),110,173.2
45,3,Table #2,Delay Time (0.1 – 200.0 [ms]),15,23.7
45,3,Table #2,Delay Time (0.1 – 200.0 [ms]),47,74.1
45,3,Table #2,Delay Time (0.1 – 200.0 [ms]),79,124.4
45,3,Table #2,Delay Time (0.1 – 200.0 [ms]),111,174.8
45,3,Table #2,Delay Time (0.1 – 200.0 [ms]),16,25.3
45,3,Table #2,Delay Time (0.1 – 200.0 [ms]),48,75.7
45,3,Table #2,Delay Time (0.1 – 200.0 [ms]),80,126.0
45,3,Table #2,Delay Time (0.1 – 200.0 [ms]),112,176.4
45,3,Table #2,Delay Time (0.1 – 200.0 [ms]),17,26.9
45,3,Table #2,Delay Time (0.1 – 200.0 [ms]),49,77.2
45,3,Table #2,Delay Time (0.1 – 200.0 [ms]),81,127.6
45,3,Table #2,Delay Time (0.1 – 200.0 [ms]),113,178.0
45,3,Table #2,Delay Time (0.1 – 200.0 [ms]),18,28.4
45,3,Table #2,Delay Time (0.1 – 200.0 [ms]),50,78.8
45,3,Table #2,Delay Time (0.1 – 200.0 [ms]),82,129.2
45,3,Table #2,Delay Time (0.1 – 200.0 [ms]),114,179.5
45,3,Table #2,Delay Time (0.1 – 200.0 [ms]),19,30.0
45,3,Table #2,Delay Time (0.1 – 200.0 [ms]),51,80.4
45,3,Table #2,Delay Time (0.1 – 200.0 [ms]),83,130.7
45,3,Table #2,Delay Time (0.1 – 200.0 [ms]),115,181.1
45,3,Table #2,Delay Time (0.1 – 200.0 [ms]),20,31.6
45,3,Table #2,Delay Time (0.1 – 200.0 [ms]),52,81.9
45,3,Table #2,Delay Time (0.1 – 200.0 [ms]),84,132.3
45,3,Table #2,Delay Time (0.1 – 200.0 [ms]),116,182.7
45,3,Table #2,Delay Time (0.1 – 200.0 [ms]),21,33.2
45,3,Table #2,Delay Time (0.1 – 200.0 [ms]),53,83.5
45,3,Table #2,Delay Time (0.1 – 200.0 [ms]),85,133.9
45,3,Table #2,Delay Time (0.1 – 200.0 [ms]),117,184.3
45,3,Table #2,Delay Time (0.1 – 200.0 [ms]),22,34.7
45,3,Table #2,Delay Time (0.1 – 200.0 [ms]),54,85.1
45,3,Table #2,Delay Time (0.1 – 200.0 [ms]),86,135.5
45,3,Table #2,Delay Time (0.1 – 200.0 [ms]),118,185.8
45,3,Table #2,Delay Time (0.1 – 200.0 [ms]),23,36.3
45,3,Table #2,Delay Time (0.1 – 200.0 [ms]),55,86.7
45,3,Table #2,Delay Time (0.1 – 200.0 [ms]),87,137.0
45,3,Table #2,Delay Time (0.1 – 200.0 [ms]),119,187.4
45,3,Table #2,Delay Time (0.1 – 200.0 [ms]),24,37.9
45,3,Table #2,Delay Time (0.1 – 200.0 [ms]),56,88.2
45,3,Table #2,Delay Time (0.1 – 200.0 [ms]),88,138.6
45,3,Table #2,Delay Time (0.1 – 200.0 [ms]),120,189.0
45,3,Table #2,Delay Time (0.1 – 200.0 [ms]),25,39.5
45,3,Table #2,Delay Time (0.1 – 200.0 [ms]),57,89.8
45,3,Table #2,Delay Time (0.1 – 200.0 [ms]),89,140.2
45,3,Table #2,Delay Time (0.1 – 200.0 [ms]),121,190.6
45,3,Table #2,Delay Time (0.1 – 200.0 [ms]),26,41.0
45,3,Table #2,Delay Time (0.1 – 200.0 [ms]),58,91.4
45,3,Table #2,Delay Time (0.1 – 200.0 [ms]),90,141.8
45,3,Table #2,Delay Time (0.1 – 200.0 [ms]),122,192.1
45,3,Table #2,Delay Time (0.1 – 200.0 [ms]),27,42.6
45,3,Table #2,Delay Time (0.1 – 200.0 [ms]),59,93.0
45,3,Table #2,Delay Time (0.1 – 200.0 [ms]),91,143.3
45,3,Table #2,Delay Time (0.1 – 200.0 [ms]),123,193.7
45,3,Table #2,Delay Time (0.1 – 200.0 [ms]),28,44.2
45,3,Table #2,Delay Time (0.1 – 200.0 [ms]),60,94.5
45,3,Table #2,Delay Time (0.1 – 200.0 [ms]),92,144.9
45,3,Table #2,Delay Time (0.1 – 200.0 [ms]),124,195.3
45,3,Table #2,Delay Time (0.1 – 200.0 [ms]),29,45.7
45,3,Table #2,Delay Time (0.1 – 200.0 [ms]),61,96.1
45,3,Table #2,Delay Time (0.1 – 200.0 [ms]),93,146.5
45,3,Table #2,Delay Time (0.1 – 200.0 [ms]),125,196.9
45,3,Table #2,Delay Time (0.1 – 200.0 [ms]),30,47.3
45,3,Table #2,Delay Time (0.1 – 200.0 [ms]),62,97.7
45,3,Table #2,Delay Time (0.1 – 200.0 [ms]),94,148.1
45,3,Table #2,Delay Time (0.1 – 200.0 [ms]),126,198.4
45,3,Table #2,Delay Time (0.1 – 200.0 [ms]),31,48.9
45,3,Table #2,Delay Time (0.1 – 200.0 [ms]),63,99.3
45,3,Table #2,Delay Time (0.1 – 200.0 [ms]),95,149.6
45,3,Table #2,Delay Time (0.1 – 200.0 [ms]),127,200.0
45,4,Table #5,Tempo,0,32nd/3
45,4,Table #5,Tempo,32,4thx19
45,4,Table #5,Tempo,64,4thx51
45,4,Table #5,Tempo,1,64th.
45,4,Table #5,Tempo,33,4thx20
45,4,Table #5,Tempo,65,4thx52
45,4,Table #5,Tempo,2,32nd
45,4,Table #5,Tempo,34,4thx21
45,4,Table #5,Tempo,66,4thx53
45,4,Table #5,Tempo,3,16th/3
45,4,Table #5,Tempo,35,4thx22
45,4,Table #5,Tempo,67,4thx54
45,4,Table #5,Tempo,4,32nd.
45,4,Table #5,Tempo,36,4thx23
45,4,Table #5,Tempo,68,4thx55
45,4,Table #5,Tempo,5,16th
45,4,Table #5,Tempo,37,4thx24
45,4,Table #5,Tempo,69,4thx56
45,4,Table #5,Tempo,6,8th/3
45,4,Table #5,Tempo,38,4thx25
45,4,Table #5,Tempo,70,4thx57
45,4,Table #5,Tempo,7,16th.
45,4,Table #5,Tempo,39,4thx26
45,4,Table #5,Tempo,71,4thx58
45,4,Table #5,Tempo,8,8th
45,4,Table #5,Tempo,40,4thx27
45,4,Table #5,Tempo,72,4thx59
45,4,Table #5,Tempo,9,4th/3
45,4,Table #5,Tempo,41,4thx28
45,4,Table #5,Tempo,73,4thx60
45,4,Table #5,Tempo,10,8th.
45,4,Table #5,Tempo,42,4thx29
45,4,Table #5,Tempo,74,4thx61
45,4,Table #5,Tempo,11,4th
45,4,Table #5,Tempo,43,4thx30
45,4,Table #5,Tempo,75,4thx62
45,4,Table #5,Tempo,12,2nd/3
45,4,Table #5,Tempo,44,4thx31
45,4,Table #5,Tempo,76,4thx63
45,4,Table #5,Tempo,13,4th.
45,4,Table #5,Tempo,45,4thx32
45,4,Table #5,Tempo,77,4thx64
45,4,Table #5,Tempo,14,2nd
45,4,Table #5,Tempo,46,4thx33
45,4,Table #5,Tempo,15,Whole/3
45,4,Table #5,Tempo,47,4thx34
45,4,Table #5,Tempo,16,2nd.
45,4,Table #5,Tempo,48,4thx35
45,4,Table #5,Tempo,17,4thx4
45,4,Table #5,Tempo,49,4thx36
45,4,Table #5,Tempo,18,4thx5
45,4,Table #5,Tempo,50,4thx37
45,4,Table #5,Tempo,19,4thx6
45,4,Table #5,Tempo,51,4thx38
45,4,Table #5,Tempo,20,4thx7
45,4,Table #5,Tempo,52,4thx39
45,4,Table #5,Tempo,21,4thx8
45,4,Table #5,Tempo,53,4thx40
45,4,Table #5,Tempo,22,4thx9
45,4,Table #5,Tempo,54,4thx41
45,4,Table #5,Tempo,23,4thx10
45,4,Table #5,Tempo,55,4thx42
45,4,Table #5,Tempo,24,4thx11
45,4,Table #5,Tempo,56,4thx43
45,4,Table #5,Tempo,25,4thx12
45,4,Table #5,Tempo,57,4thx44
45,4,Table #5,Tempo,26,4thx13
45,4,Table #5,Tempo,58,4thx45
45,4,Table #5,Tempo,27,4thx14
45,4,Table #5,Tempo,59,4thx46
45,4,Table #5,Tempo,28,4thx15
45,4,Table #5,Tempo,60,4thx47
45,4,Table #5,Tempo,29,4thx16
45,4,Table #5,Tempo,61,4thx48
45,4,Table #5,Tempo,30,4thx17
45,4,Table #5,Tempo,62,4thx49
45,4,Table #5,Tempo,31,4thx18
45,4,Table #5,Tempo,63,4thx50
45,5,Table #3,EQ Frequency [Hz],0,THRU (20)
45,5,Table #3,EQ Frequency [Hz],32,800
45,5,Table #3,EQ Frequency [Hz],1,22
45,5,Table #3,EQ Frequency [Hz],33,900
45,5,Table #3,EQ Frequency [Hz],2,25
45,5,Table #3,EQ Frequency [Hz],34,1.0k
45,5,Table #3,EQ Frequency [Hz],3,28
45,5,Table #3,EQ Frequency [Hz],35,1.1k
45,5,Table #3,EQ Frequency [Hz],4,32
45,5,Table #3,EQ Frequency [Hz],36,1.2k
45,5,Table #3,EQ Frequency [Hz],5,36
45,5,Table #3,EQ Frequency [Hz],37,1.4k
45,5,Table #3,EQ Frequency [Hz],6,40
45,5,Table #3,EQ Frequency [Hz],38,1.6k
45,5,Table #3,EQ Frequency [Hz],7,45
45,5,Table #3,EQ Frequency [Hz],39,1.8k
45,5,Table #3,EQ Frequency [Hz],8,50
45,5,Table #3,EQ Frequency [Hz],40,2.0k
45,5,Table #3,EQ Frequency [Hz],9,56
45,5,Table #3,EQ Frequency [Hz],41,2.2k
45,5,Table #3,EQ Frequency [Hz],10,63
45,5,Table #3,EQ Frequency [Hz],42,2.5k
45,5,Table #3,EQ Frequency [Hz],11,70
45,5,Table #3,EQ Frequency [Hz],43,2.8k
45,5,Table #3,EQ Frequency [Hz],12,80
45,5,Table #3,EQ Frequency [Hz],44,3.2k
45,5,Table #3,EQ Frequency [Hz],13,90
45,5,Table #3,EQ Frequency [Hz],45,3.6k
45,5,Table #3,EQ Frequency [Hz],14,100
45,5,Table #3,EQ Frequency [Hz],46,4.0k
45,5,Table #3,EQ Frequency [Hz],15,110
45,5,Table #3,EQ Frequency [Hz],47,4.5k
45,5,Table #3,EQ Frequency [Hz],16,125
45,5,Table #3,EQ Frequency [Hz],48,5.0k
45,5,Table #3,EQ Frequency [Hz],17,140
45,5,Table #3,EQ Frequency [Hz],49,5.6k
45,5,Table #3,EQ Frequency [Hz],18,160
45,5,Table #3,EQ Frequency [Hz],50,6.3k
45,5,Table #3,EQ Frequency [Hz],19,180
45,5,Table #3,EQ Frequency [Hz],51,7.0k
45,5,Table #3,EQ Frequency [Hz],20,200
45,5,Table #3,EQ Frequency [Hz],52,8.0k
45,5,Table #3,EQ Frequency [Hz],21,225
45,5,Table #3,EQ Frequency [Hz],53,9.0k
45,5,Table #3,EQ Frequency [Hz],22,250
45,5,Table #3,EQ Frequency [Hz],54,10k
45,5,Table #3,EQ Frequency [Hz],23,280
45,5,Table #3,EQ Frequency [Hz],55,11k
45,5,Table #3,EQ Frequency [Hz],24,315
45,5,Table #3,EQ Frequency [Hz],56,12k
45,5,Table #3,EQ Frequency [Hz],25,355
45,5,Table #3,EQ Frequency [Hz],57,14k
45,5,Table #3,EQ Frequency [Hz],26,400
45,5,Table #3,EQ Frequency [Hz],58,16k
45,5,Table #3,EQ Frequency [Hz],27,450
45,5,Table #3,EQ Frequency [Hz],59,18k
45,5,Table #3,EQ Frequency [Hz],28,500
45,5,Table #3,EQ Frequency [Hz],60,THRU (20k)
45,5,Table #3,EQ Frequency [Hz],29,560
45,5,Table #3,EQ Frequency [Hz],30,630
45,5,Table #3,EQ Frequency [Hz],31,700
45,6,Table #6,Delay Time (0.1 – 400.0 [ms]),0,0.1
45,6,Table #6,Delay Time (0.1 – 400.0 [ms]),32,100.9
45,6,Table #6,Delay Time (0.1 – 400.0 [ms]),64,201.6
45,6,Table #6,Delay Time (0.1 – 400.0 [ms]),96,302.4
45,6,Table #6,Delay Time (0.1 – 400.0 [ms]),1,3.2
45,6,Table #6,Delay Time (0.1 – 400.0 [ms]),33,104.0
45,6,Table #6,Delay Time (0.1 – 400.0 [ms]),65,204.8
45,6,Table #6,Delay Time (0.1 – 400.0 [ms]),97,305.5
45,6,Table #6,Delay Time (0.1 – 400.0 [ms]),2,6.4
45,6,Table #6,Delay Time (0.1 – 400.0 [ms]),34,107.2
45,6,Table #6,Delay Time (0.1 – 400.0 [ms]),66,207.9
45,6,Table #6,Delay Time (0.1 – 400.0 [ms]),98,308.7
45,6,Table #6,Delay Time (0.1 – 400.0 [ms]),3,9.5
45,6,Table #6,Delay Time (0.1 – 400.0 [ms]),35,110.3
45,6,Table #6,Delay Time (0.1 – 400.0 [ms]),67,211.1
45,6,Table #6,Delay Time (0.1 – 400.0 [ms]),99,311.8
45,6,Table #6,Delay Time (0.1 – 400.0 [ms]),4,12.7
45,6,Table #6,Delay Time (0.1 – 400.0 [ms]),36,113.5
45,6,Table #6,Delay Time (0.1 – 400.0 [ms]),68,214.2
45,6,Table #6,Delay Time (0.1 – 400.0 [ms]),100,315.0
45,6,Table #6,Delay Time (0.1 – 400.0 [ms]),5,15.8
45,6,Table #6,Delay Time (0.1 – 400.0 [ms]),37,116.6
45,6,Table #6,Delay Time (0.1 – 400.0 [ms]),69,217.4
45,6,Table #6,Delay Time (0.1 – 400.0 [ms]),101,318.1
45,6,Table #6,Delay Time (0.1 – 400.0 [ms]),6,19.0
45,6,Table #6,Delay Time (0.1 – 400.0 [ms]),38,119.8
45,6,Table #6,Delay Time (0.1 – 400.0 [ms]),70,220.5
45,6,Table #6,Delay Time (0.1 – 400.0 [ms]),102,321.3
45,6,Table #6,Delay Time (0.1 – 400.0 [ms]),7,22.1
45,6,Table #6,Delay Time (0.1 – 400.0 [ms]),39,122.9
45,6,Table #6,Delay Time (0.1 – 400.0 [ms]),71,223.7
45,6,Table #6,Delay Time (0.1 – 400.0 [ms]),103,324.4
45,6,Table #6,Delay Time (0.1 – 400.0 [ms]),8,25.3
45,6,Table #6,Delay Time (0.1 – 400.0 [ms]),40,126.1
45,6,Table #6,Delay Time (0.1 – 400.0 [ms]),72,226.8
45,6,Table #6,Delay Time (0.1 – 400.0 [ms]),104,327.6
45,6,Table #6,Delay Time (0.1 – 400.0 [ms]),9,28.4
45,6,Table #6,Delay Time (0.1 – 400.0 [ms]),41,129.2
45,6,Table #6,Delay Time (0.1 – 400.0 [ms]),73,230.0
45,6,Table #6,Delay Time (0.1 – 400.0 [ms]),105,330.7
45,6,Table #6,Delay Time (0.1 – 400.0 [ms]),10,31.6
45,6,Table #6,Delay Time (0.1 – 400.0 [ms]),42,132.4
45,6,Table #6,Delay Time (0.1 – 400.0 [ms]),74,233.1
45,6,Table #6,Delay Time (0.1 – 400.0 [ms]),106,333.9
45,6,Table #6,Delay Time (0.1 – 400.0 [ms]),11,34.7
45,6,Table #6,Delay Time (0.1 – 400.0 [ms]),43,135.5
45,6,Table #6,Delay Time (0.1 – 400.0 [ms]),75,236.3
45,6,Table #6,Delay Time (0.1 – 400.0 [ms]),107,337.0
45,6,Table #6,Delay Time (0.1 – 400.0 [ms]),12,37.9
45,6,Table #6,Delay Time (0.1 – 400.0 [ms]),44,138.6
45,6,Table #6,Delay Time (0.1 – 400.0 [ms]),76,239.4
45,6,Table #6,Delay Time (0.1 – 400.0 [ms]),108,340.2
45,6,Table #6,Delay Time (0.1 – 400.0 [ms]),13,41.0
45,6,Table #6,Delay Time (0.1 – 400.0 [ms]),45,141.8
45,6,Table #6,Delay Time (0.1 – 400.0 [ms]),77,242.6
45,6,Table #6,Delay Time (0.1 – 400.0 [ms]),109,343.3
45,6,Table #6,Delay Time (0.1 – 400.0 [ms]),14,44.2
45,6,Table #6,Delay Time (0.1 – 400.0 [ms]),46,144.9
45,6,Table #6,Delay Time (0.1 – 400.0 [ms]),78,245.7
45,6,Table #6,Delay Time (0.1 – 400.0 [ms]),110,346.5
45,6,Table #6,Delay Time (0.1 – 400.0 [ms]),15,47.3
45,6,Table #6,Delay Time (0.1 – 400.0 [ms]),47,148.1
45,6,Table #6,Delay Time (0.1 – 400.0 [ms]),79,248.9
45,6,Table #6,Delay Time (0.1 – 400.0 [ms]),111,349.6
45,6,Table #6,Delay Time (0.1 – 400.0 [ms]),16,50.5
45,6,Table #6,Delay Time (0.1 – 400.0 [ms]),48,151.2
45,6,Table #6,Delay Time (0.1 – 400.0 [ms]),80,252.0
45,6,Table #6,Delay Time (0.1 – 400.0 [ms]),112,352.8
45,6,Table #6,Delay Time (0.1 – 400.0 [ms]),17,53.6
45,6,Table #6,Delay Time (0.1 – 400.0 [ms]),49,154.4
45,6,Table #6,Delay Time (0.1 – 400.0 [ms]),81,255.2
45,6,Table #6,Delay Time (0.1 – 400.0 [ms]),113,355.9
45,6,Table #6,Delay Time (0.1 – 400.0 [ms]),18,56.8
45,6,Table #6,Delay Time (0.1 – 400.0 [ms]),50,157.5
45,6,Table #6,Delay Time (0.1 – 400.0 [ms]),82,258.3
45,6,Table #6,Delay Time (0.1 – 400.0 [ms]),114,359.1
45,6,Table #6,Delay Time (0.1 – 400.0 [ms]),19,59.9
45,6,Table #6,Delay Time (0.1 – 400.0 [ms]),51,160.7
45,6,Table #6,Delay Time (0.1 – 400.0 [ms]),83,261.5
45,6,Table #6,Delay Time (0.1 – 400.0 [ms]),115,362.2
45,6,Table #6,Delay Time (0.1 – 400.0 [ms]),20,63.1
45,6,Table #6,Delay Time (0.1 – 400.0 [ms]),52,163.8
45,6,Table #6,Delay Time (0.1 – 400.0 [ms]),84,264.6
45,6,Table #6,Delay Time (0.1 – 400.0 [ms]),116,365.4
45,6,Table #6,Delay Time (0.1 – 400.0 [ms]),21,66.2
45,6,Table #6,Delay Time (0.1 – 400.0 [ms]),53,167.0
45,6,Table #6,Delay Time (0.1 – 400.0 [ms]),85,267.7
45,6,Table #6,Delay Time (0.1 – 400.0 [ms]),117,368.5
45,6,Table #6,Delay Time (0.1 – 400.0 [ms]),22,69.4
45,6,Table #6,Delay Time (0.1 – 400.0 [ms]),54,170.1
45,6,Table #6,Delay Time (0.1 – 400.0 [ms]),86,270.9
45,6,Table #6,Delay Time (0.1 – 400.0 [ms]),118,371.7
45,6,Table #6,Delay Time (0.1 – 400.0 [ms]),23,72.5
45,6,Table #6,Delay Time (0.1 – 400.0 [ms]),55,173.3
45,6,Table #6,Delay Time (0.1 – 400.0 [ms]),87,274.0
45,6,Table #6,Delay Time (0.1 – 400.0 [ms]),119,374.8
45,6,Table #6,Delay Time (0.1 – 400.0 [ms]),24,75.7
45,6,Table #6,Delay Time (0.1 – 400.0 [ms]),56,176.4
45,6,Table #6,Delay Time (0.1 – 400.0 [ms]),88,277.2
45,6,Table #6,Delay Time (0.1 – 400.0 [ms]),120,378.0
45,6,Table #6,Delay Time (0.1 – 400.0 [ms]),25,78.8
45,6,Table #6,Delay Time (0.1 – 400.0 [ms]),57,179.6
45,6,Table #6,Delay Time (0.1 – 400.0 [ms]),89,280.3
45,6,Table #6,Delay Time (0.1 – 400.0 [ms]),121,381.1
45,6,Table #6,Delay Time (0.1 – 400.0 [ms]),26,82.0
45,6,Table #6,Delay Time (0.1 – 400.0 [ms]),58,182.7
45,6,Table #6,Delay Time (0.1 – 400.0 [ms]),90,283.5
45,6,Table #6,Delay Time (0.1 – 400.0 [ms]),122,384.3
45,6,Table #6,Delay Time (0.1 – 400.0 [ms]),27,85.1
45,6,Table #6,Delay Time (0.1 – 400.0 [ms]),59,185.9
45,6,Table #6,Delay Time (0.1 – 400.0 [ms]),91,286.6
45,6,Table #6,Delay Time (0.1 – 400.0 [ms]),123,387.4
45,6,Table #6,Delay Time (0.1 – 400.0 [ms]),28,88.3
45,6,Table #6,Delay Time (0.1 – 400.0 [ms]),60,189.0
45,6,Table #6,Delay Time (0.1 – 400.0 [ms]),92,289.8
45,6,Table #6,Delay Time (0.1 – 400.0 [ms]),124,390.6
45,6,Table #6,Delay Time (0.1 – 400.0 [ms]),29,91.4
45,6,Table #6,Delay Time (0.1 – 400.0 [ms]),61,192.2
45,6,Table #6,Delay Time (0.1 – 400.0 [ms]),93,292.9
45,6,Table #6,Delay Time (0.1 – 400.0 [ms]),125,393.7
45,6,Table #6,Delay Time (0.1 – 400.0 [ms]),30,94.6
45,6,Table #6,Delay Time (0.1 – 400.0 [ms]),62,195.3
45,6,Table #6,Delay Time (0.1 – 400.0 [ms]),94,296.1
45,6,Table #6,Delay Time (0.1 – 400.0 [ms]),126,396.9
45,6,Table #6,Delay Time (0.1 – 400.0 [ms]),31,97.7
45,6,Table #6,Delay Time (0.1 – 400.0 [ms]),63,198.5
45,6,Table #6,Delay Time (0.1 – 400.0 [ms]),95,299.2
45,6,Table #6,Delay Time (0.1 – 400.0 [ms]),127,400.0
45,7,Table #7,Room Size,0,0.1
45,7,Table #7,Room Size,32,5.1
45,7,Table #7,Room Size,64,10.1
45,7,Table #7,Room Size,96,15.1
45,7,Table #7,Room Size,1,0.3
45,7,Table #7,Room Size,33,5.3
45,7,Table #7,Room Size,65,10.3
45,7,Table #7,Room Size,97,15.3
45,7,Table #7,Room Size,2,0.4
45,7,Table #7,Room Size,34,5.4
45,7,Table #7,Room Size,66,10.4
45,7,Table #7,Room Size,98,15.5
45,7,Table #7,Room Size,3,0.6
45,7,Table #7,Room Size,35,5.6
45,7,Table #7,Room Size,67,10.6
45,7,Table #7,Room Size,99,15.6
45,7,Table #7,Room Size,4,0.7
45,7,Table #7,Room Size,36,5.7
45,7,Table #7,Room Size,68,10.8
45,7,Table #7,Room Size,100,15.8
45,7,Table #7,Room Size,5,0.9
45,7,Table #7,Room Size,37,5.9
45,7,Table #7,Room Size,69,10.9
45,7,Table #7,Room Size,101,15.9
45,7,Table #7,Room Size,6,1.0
45,7,Table #7,Room Size,38,6.1
45,7,Table #7,Room Size,70,11.1
45,7,Table #7,Room Size,102,16.1
45,7,Table #7,Room Size,7,1.2
45,7,Table #7,Room Size,39,6.2
45,7,Table #7,Room Size,71,11.2
45,7,Table #7,Room Size,103,16.2
45,7,Table #7,Room Size,8,1.4
45,7,Table #7,Room Size,40,6.4
45,7,Table #7,Room Size,72,11.4
45,7,Table #7,Room Size,104,16.4
45,7,Table #7,Room Size,9,1.5
45,7,Table #7,Room Size,41,6.5
45,7,Table #7,Room Size,73,11.5
45,7,Table #7,Room Size,105,16.6
45,7,Table #7,Room Size,10,1.7
45,7,Table #7,Room Size,42,6.7
45,7,Table #7,Room Size,74,11.7
45,7,Table #7,Room Size,106,16.7
45,7,Table #7,Room Size,11,1.8
45,7,Table #7,Room Size,43,6.8
45,7,Table #7,Room Size,75,11.9
45,7,Table #7,Room Size,107,16.9
45,7,Table #7,Room Size,12,2.0
45,7,Table #7,Room Size,44,7.0
45,7,Table #7,Room Size,76,12.0
45,7,Table #7,Room Size,108,17.0
45,7,Table #7,Room Size,13,2.1
45,7,Table #7,Room Size,45,7.2
45,7,Table #7,Room Size,77,12.2
45,7,Table #7,Room Size,109,17.2
45,7,Table #7,Room Size,14,2.3
45,7,Table #7,Room Size,46,7.3
45,7,Table #7,Room Size,78,12.3
45,7,Table #7,Room Size,110,17.3
45,7,Table #7,Room Size,15,2.5
45,7,Table #7,Room Size,47,7.5
45,7,Table #7,Room Size,79,12.5
45,7,Table #7,Room Size,111,17.5
45,7,Table #7,Room Size,16,2.6
45,7,Table #7,Room Size,48,7.6
45,7,Table #7,Room Size,80,12.6
45,7,Table #7,Room Size,112,17.6
45,7,Table #7,Room Size,17,2.8
45,7,Table #7,Room Size,49,7.8
45,7,Table #7,Room Size,81,12.8
45,7,Table #7,Room Size,113,17.8
45,7,Table #7,Room Size,18,2.9
45,7,Table #7,Room Size,50,7.9
45,7,Table #7,Room Size,82,12.9
45,7,Table #7,Room Size,114,18.0
45,7,Table #7,Room Size,19,3.1
45,7,Table #7,Room Size,51,8.1
45,7,Table #7,Room Size,83,13.1
45,7,Table #7,Room Size,115,18.1
45,7,Table #7,Room Size,20,3.2
45,7,Table #7,Room Size,52,8.2
45,7,Table #7,Room Size,84,13.3
45,7,Table #7,Room Size,116,18.3
45,7,Table #7,Room Size,21,3.4
45,7,Table #7,Room Size,53,8.4
45,7,Table #7,Room Size,85,13.4
45,7,Table #7,Room Size,117,18.4
45,7,Table #7,Room Size,22,3.5
45,7,Table #7,Room Size,54,8.6
45,7,Table #7,Room Size,86,13.6
45,7,Table #7,Room Size,118,18.6
45,7,Table #7,Room Size,23,3.7
45,7,Table #7,Room Size,55,8.7
45,7,Table #7,Room Size,87,13.7
45,7,Table #7,Room Size,119,18.7
45,7,Table #7,Room Size,24,3.9
45,7,Table #7,Room Size,56,8.9
45,7,Table #7,Room Size,88,13.9
45,7,Table #7,Room Size,120,18.9
45,7,Table #7,Room Size,25,4.0
45,7,Table #7,Room Size,57,9.0
45,7,Table #7,Room Size,89,14.0
45,7,Table #7,Room Size,121,19.1
45,7,Table #7,Room Size,26,4.2
45,7,Table #7,Room Size,58,9.2
45,7,Table #7,Room Size,90,14.2
45,7,Table #7,Room Size,122,19.2
45,7,Table #7,Room Size,27,4.3
45,7,Table #7,Room Size,59,9.3
45,7,Table #7,Room Size,91,14.4
45,7,Table #7,Room Size,123,19.4
45,7,Table #7,Room Size,28,4.5
45,7,Table #7,Room Size,60,9.5
45,7,Table #7,Room Size,92,14.5
45,7,Table #7,Room Size,124,19.5
45,7,Table #7,Room Size,29,4.6
45,7,Table #7,Room Size,61,9.7
45,7,Table #7,Room Size,93,14.7
45,7,Table #7,Room Size,125,19.7
45,7,Table #7,Room Size,30,4.8
45,7,Table #7,Room Size,62,9.8
45,7,Table #7,Room Size,94,14.8
45,7,Table #7,Room Size,126,19.8
45,7,Table #7,Room Size,31,5.0
45,7,Table #7,Room Size,63,10.0
45,7,Table #7,Room Size,95,15.0
45,7,Table #7,Room Size,127,20.0
45,8,Table #11,V-Flanger Delay Offset [ms],0,0.09
45,8,Table #11,V-Flanger Delay Offset [ms],37,1.24
45,8,Table #11,V-Flanger Delay Offset [ms],74,7.74
45,8,Table #11,V-Flanger Delay Offset [ms],111,23.91
45,8,Table #11,V-Flanger Delay Offset [ms],1,0.11
45,8,Table #11,V-Flanger Delay Offset [ms],38,1.30
45,8,Table #11,V-Flanger Delay Offset [ms],75,8.13
45,8,Table #11,V-Flanger Delay Offset [ms],112,24.35
45,8,Table #11,V-Flanger Delay Offset [ms],2,0.13
45,8,Table #11,V-Flanger Delay Offset [ms],39,1.37
45,8,Table #11,V-Flanger Delay Offset [ms],76,8.54
45,8,Table #11,V-Flanger Delay Offset [ms],113,24.79
45,8,Table #11,V-Flanger Delay Offset [ms],3,0.15
45,8,Table #11,V-Flanger Delay Offset [ms],40,1.44
45,8,Table #11,V-Flanger Delay Offset [ms],77,8.97
45,8,Table #11,V-Flanger Delay Offset [ms],114,25.23
45,8,Table #11,V-Flanger Delay Offset [ms],4,0.18
45,8,Table #11,V-Flanger Delay Offset [ms],41,1.51
45,8,Table #11,V-Flanger Delay Offset [ms],78,9.41
45,8,Table #11,V-Flanger Delay Offset [ms],115,25.66
45,8,Table #11,V-Flanger Delay Offset [ms],5,0.20
45,8,Table #11,V-Flanger Delay Offset [ms],42,1.59
45,8,Table #11,V-Flanger Delay Offset [ms],79,9.85
45,8,Table #11,V-Flanger Delay Offset [ms],116,26.10
45,8,Table #11,V-Flanger Delay Offset [ms],6,0.22
45,8,Table #11,V-Flanger Delay Offset [ms],43,1.67
45,8,Table #11,V-Flanger Delay Offset [ms],80,10.29
45,8,Table #11,V-Flanger Delay Offset [ms],117,26.54
45,8,Table #11,V-Flanger Delay Offset [ms],7,0.24
45,8,Table #11,V-Flanger Delay Offset [ms],44,1.76
45,8,Table #11,V-Flanger Delay Offset [ms],81,10.73
45,8,Table #11,V-Flanger Delay Offset [ms],118,26.98
45,8,Table #11,V-Flanger Delay Offset [ms],8,0.27
45,8,Table #11,V-Flanger Delay Offset [ms],45,1.84
45,8,Table #11,V-Flanger Delay Offset [ms],82,11.17
45,8,Table #11,V-Flanger Delay Offset [ms],119,27.42
45,8,Table #11,V-Flanger Delay Offset [ms],9,0.29
45,8,Table #11,V-Flanger Delay Offset [ms],46,1.94
45,8,Table #11,V-Flanger Delay Offset [ms],83,11.61
45,8,Table #11,V-Flanger Delay Offset [ms],120,27.86
45,8,Table #11,V-Flanger Delay Offset [ms],10,0.31
45,8,Table #11,V-Flanger Delay Offset [ms],47,2.04
45,8,Table #11,V-Flanger Delay Offset [ms],84,12.05
45,8,Table #11,V-Flanger Delay Offset [ms],121,28.30
45,8,Table #11,V-Flanger Delay Offset [ms],11,0.34
45,8,Table #11,V-Flanger Delay Offset [ms],48,2.14
45,8,Table #11,V-Flanger Delay Offset [ms],85,12.49
45,8,Table #11,V-Flanger Delay Offset [ms],122,28.74
45,8,Table #11,V-Flanger Delay Offset [ms],12,0.36
45,8,Table #11,V-Flanger Delay Offset [ms],49,2.25
45,8,Table #11,V-Flanger Delay Offset [ms],86,12.93
45,8,Table #11,V-Flanger Delay Offset [ms],123,29.18
45,8,Table #11,V-Flanger Delay Offset [ms],13,0.38
45,8,Table #11,V-Flanger Delay Offset [ms],50,2.36
45,8,Table #11,V-Flanger Delay Offset [ms],87,13.37
45,8,Table #11,V-Flanger Delay Offset [ms],124,29.62
45,8,Table #11,V-Flanger Delay Offset [ms],14,0.40
45,8,Table #11,V-Flanger Delay Offset [ms],51,2.48
45,8,Table #11,V-Flanger Delay Offset [ms],88,13.81
45,8,Table #11,V-Flanger Delay Offset [ms],125,30.06
45,8,Table #11,V-Flanger Delay Offset [ms],15,0.42
45,8,Table #11,V-Flanger Delay Offset [ms],52,2.61
45,8,Table #11,V-Flanger Delay Offset [ms],89,14.24
45,8,Table #11,V-Flanger Delay Offset [ms],126,30.50
45,8,Table #11,V-Flanger Delay Offset [ms],16,0.43
45,8,Table #11,V-Flanger Delay Offset [ms],53,2.74
45,8,Table #11,V-Flanger Delay Offset [ms],90,14.68
45,8,Table #11,V-Flanger Delay Offset [ms],127,30.94
45,8,Table #11,V-Flanger Delay Offset [ms],17,0.46
45,8,Table #11,V-Flanger Delay Offset [ms],54,2.88
45,8,Table #11,V-Flanger Delay Offset [ms],91,15.12
45,8,Table #11,V-Flanger Delay Offset [ms],128,31.38
45,8,Table #11,V-Flanger Delay Offset [ms],18,0.48
45,8,Table #11,V-Flanger Delay Offset [ms],55,3.03
45,8,Table #11,V-Flanger Delay Offset [ms],92,15.56
45,8,Table #11,V-Flanger Delay Offset [ms],129,31.82
45,8,Table #11,V-Flanger Delay Offset [ms],19,0.51
45,8,Table #11,V-Flanger Delay Offset [ms],56,3.18
45,8,Table #11,V-Flanger Delay Offset [ms],93,16.00
45,8,Table #11,V-Flanger Delay Offset [ms],130,32.25
45,8,Table #11,V-Flanger Delay Offset [ms],20,0.53
45,8,Table #11,V-Flanger Delay Offset [ms],57,3.34
45,8,Table #11,V-Flanger Delay Offset [ms],94,16.44
45,8,Table #11,V-Flanger Delay Offset [ms],131,32.69
45,8,Table #11,V-Flanger Delay Offset [ms],21,0.56
45,8,Table #11,V-Flanger Delay Offset [ms],58,3.51
45,8,Table #11,V-Flanger Delay Offset [ms],95,16.88
45,8,Table #11,V-Flanger Delay Offset [ms],132,33.13
45,8,Table #11,V-Flanger Delay Offset [ms],22,0.59
45,8,Table #11,V-Flanger Delay Offset [ms],59,3.69
45,8,Table #11,V-Flanger Delay Offset [ms],96,17.32
45,8,Table #11,V-Flanger Delay Offset [ms],133,33.57
45,8,Table #11,V-Flanger Delay Offset [ms],23,0.62
45,8,Table #11,V-Flanger Delay Offset [ms],60,3.87
45,8,Table #11,V-Flanger Delay Offset [ms],97,17.76
45,8,Table #11,V-Flanger Delay Offset [ms],134,34.01
45,8,Table #11,V-Flanger Delay Offset [ms],24,0.65
45,8,Table #11,V-Flanger Delay Offset [ms],61,4.07
45,8,Table #11,V-Flanger Delay Offset [ms],98,18.20
45,8,Table #11,V-Flanger Delay Offset [ms],135,34.45
45,8,Table #11,V-Flanger Delay Offset [ms],25,0.68
45,8,Table #11,V-Flanger Delay Offset [ms],62,4.28
45,8,Table #11,V-Flanger Delay Offset [ms],99,18.64
45,8,Table #11,V-Flanger Delay Offset [ms],136,34.89
45,8,Table #11,V-Flanger Delay Offset [ms],26,0.72
45,8,Table #11,V-Flanger Delay Offset [ms],63,4.49
45,8,Table #11,V-Flanger Delay Offset [ms],100,19.08
45,8,Table #11,V-Flanger Delay Offset [ms],137,35.33
45,8,Table #11,V-Flanger Delay Offset [ms],27,0.76
45,8,Table #11,V-Flanger Delay Offset [ms],64,4.72
45,8,Table #11,V-Flanger Delay Offset [ms],101,19.52
45,8,Table #11,V-Flanger Delay Offset [ms],138,35.77
45,8,Table #11,V-Flanger Delay Offset [ms],28,0.79
45,8,Table #11,V-Flanger Delay Offset [ms],65,4.96
45,8,Table #11,V-Flanger Delay Offset [ms],102,19.96
45,8,Table #11,V-Flanger Delay Offset [ms],139,36.21
45,8,Table #11,V-Flanger Delay Offset [ms],29,0.83
45,8,Table #11,V-Flanger Delay Offset [ms],66,5.21
45,8,Table #11,V-Flanger Delay Offset [ms],103,20.40
45,8,Table #11,V-Flanger Delay Offset [ms],30,0.88
45,8,Table #11,V-Flanger Delay Offset [ms],67,5.47
45,8,Table #11,V-Flanger Delay Offset [ms],104,20.83
45,8,Table #11,V-Flanger Delay Offset [ms],31,0.92
45,8,Table #11,V-Flanger Delay Offset [ms],68,5.75
45,8,Table #11,V-Flanger Delay Offset [ms],105,21.27
45,8,Table #11,V-Flanger Delay Offset [ms],32,0.97
45,8,Table #11,V-Flanger Delay Offset [ms],69,6.04
45,8,Table #11,V-Flanger Delay Offset [ms],106,21.71
45,8,Table #11,V-Flanger Delay Offset [ms],33,1.02
45,8,Table #11,V-Flanger Delay Offset [ms],70,6.35
45,8,Table #11,V-Flanger Delay Offset [ms],107,22.15
45,8,Table #11,V-Flanger Delay Offset [ms],34,1.07
45,8,Table #11,V-Flanger Delay Offset [ms],71,6.67
45,8,Table #11,V-Flanger Delay Offset [ms],108,22.59
45,8,Table #11,V-Flanger Delay Offset [ms],35,1.12
45,8,Table #11,V-Flanger Delay Offset [ms],72,7.01
45,8,Table #11,V-Flanger Delay Offset [ms],109,23.03
45,8,Table #11,V-Flanger Delay Offset [ms],36,1.18
45,8,Table #11,V-Flanger Delay Offset [ms],73,7.37
45,8,Table #11,V-Flanger Delay Offset [ms],110,23.47
45,9,Table #8,LFO Frequency [Hz],0,0.00
45,9,Table #8,LFO Frequency [Hz],32,1.35
45,9,Table #8,LFO Frequency [Hz],64,2.69
45,9,Table #8,LFO Frequency [Hz],96,8.41
45,9,Table #8,LFO Frequency [Hz],1,0.04
45,9,Table #8,LFO Frequency [Hz],33,1.39
45,9,Table #8,LFO Frequency [Hz],65,2.78
45,9,Table #8,LFO Frequency [Hz],97,8.75
45,9,Table #8,LFO Frequency [Hz],2,0.08
45,9,Table #8,LFO Frequency [Hz],34,1.43
45,9,Table #8,LFO Frequency [Hz],66,2.86
45,9,Table #8,LFO Frequency [Hz],98,9.08
45,9,Table #8,LFO Frequency [Hz],3,0.13
45,9,Table #8,LFO Frequency [Hz],35,1.47
45,9,Table #8,LFO Frequency [Hz],67,2.94
45,9,Table #8,LFO Frequency [Hz],99,9.42
45,9,Table #8,LFO Frequency [Hz],4,0.17
45,9,Table #8,LFO Frequency [Hz],36,1.51
45,9,Table #8,LFO Frequency [Hz],68,3.03
45,9,Table #8,LFO Frequency [Hz],100,9.76
45,9,Table #8,LFO Frequency [Hz],5,0.21
45,9,Table #8,LFO Frequency [Hz],37,1.56
45,9,Table #8,LFO Frequency [Hz],69,3.11
45,9,Table #8,LFO Frequency [Hz],101,10.1
45,9,Table #8,LFO Frequency [Hz],6,0.25
45,9,Table #8,LFO Frequency [Hz],38,1.60
45,9,Table #8,LFO Frequency [Hz],70,3.20
45,9,Table #8,LFO Frequency [Hz],102,10.8
45,9,Table #8,LFO Frequency [Hz],7,0.29
45,9,Table #8,LFO Frequency [Hz],39,1.64
45,9,Table #8,LFO Frequency [Hz],71,3.28
45,9,Table #8,LFO Frequency [Hz],103,11.4
45,9,Table #8,LFO Frequency [Hz],8,0.34
45,9,Table #8,LFO Frequency [Hz],40,1.68
45,9,Table #8,LFO Frequency [Hz],72,3.37
45,9,Table #8,LFO Frequency [Hz],104,12.1
45,9,Table #8,LFO Frequency [Hz],9,0.38
45,9,Table #8,LFO Frequency [Hz],41,1.72
45,9,Table #8,LFO Frequency [Hz],73,3.45
45,9,Table #8,LFO Frequency [Hz],105,12.8
45,9,Table #8,LFO Frequency [Hz],10,0.42
45,9,Table #8,LFO Frequency [Hz],42,1.77
45,9,Table #8,LFO Frequency [Hz],74,3.53
45,9,Table #8,LFO Frequency [Hz],106,13.5
45,9,Table #8,LFO Frequency [Hz],11,0.46
45,9,Table #8,LFO Frequency [Hz],43,1.81
45,9,Table #8,LFO Frequency [Hz],75,3.62
45,9,Table #8,LFO Frequency [Hz],107,14.1
45,9,Table #8,LFO Frequency [Hz],12,0.51
45,9,Table #8,LFO Frequency [Hz],44,1.85
45,9,Table #8,LFO Frequency [Hz],76,3.70
45,9,Table #8,LFO Frequency [Hz],108,14.8
45,9,Table #8,LFO Frequency [Hz],13,0.55
45,9,Table #8,LFO Frequency [Hz],45,1.89
45,9,Table #8,LFO Frequency [Hz],77,3.87
45,9,Table #8,LFO Frequency [Hz],109,15.5
45,9,Table #8,LFO Frequency [Hz],14,0.59
45,9,Table #8,LFO Frequency [Hz],46,1.94
45,9,Table #8,LFO Frequency [Hz],78,4.04
45,9,Table #8,LFO Frequency [Hz],110,16.2
45,9,Table #8,LFO Frequency [Hz],15,0.63
45,9,Table #8,LFO Frequency [Hz],47,1.98
45,9,Table #8,LFO Frequency [Hz],79,4.21
45,9,Table #8,LFO Frequency [Hz],111,16.8
45,9,Table #8,LFO Frequency [Hz],16,0.67
45,9,Table #8,LFO Frequency [Hz],48,2.02
45,9,Table #8,LFO Frequency [Hz],80,4.37
45,9,Table #8,LFO Frequency [Hz],112,17.5
45,9,Table #8,LFO Frequency [Hz],17,0.72
45,9,Table #8,LFO Frequency [Hz],49,2.06
45,9,Table #8,LFO Frequency [Hz],81,4.54
45,9,Table #8,LFO Frequency [Hz],113,18.2
45,9,Table #8,LFO Frequency [Hz],18,0.76
45,9,Table #8,LFO Frequency [Hz],50,2.10
45,9,Table #8,LFO Frequency [Hz],82,4.71
45,9,Table #8,LFO Frequency [Hz],114,19.5
45,9,Table #8,LFO Frequency [Hz],19,0.80
45,9,Table #8,LFO Frequency [Hz],51,2.15
45,9,Table #8,LFO Frequency [Hz],83,4.88
45,9,Table #8,LFO Frequency [Hz],115,20.9
45,9,Table #8,LFO Frequency [Hz],20,0.84
45,9,Table #8,LFO Frequency [Hz],52,2.19
45,9,Table #8,LFO Frequency [Hz],84,5.05
45,9,Table #8,LFO Frequency [Hz],116,22.2
45,9,Table #8,LFO Frequency [Hz],21,0.88
45,9,Table #8,LFO Frequency [Hz],53,2.23
45,9,Table #8,LFO Frequency [Hz],85,5.22
45,9,Table #8,LFO Frequency [Hz],117,23.6
45,9,Table #8,LFO Frequency [Hz],22,0.93
45,9,Table #8,LFO Frequency [Hz],54,2.27
45,9,Table #8,LFO Frequency [Hz],86,5.38
45,9,Table #8,LFO Frequency [Hz],118,24.9
45,9,Table #8,LFO Frequency [Hz],23,0.97
45,9,Table #8,LFO Frequency [Hz],55,2.31
45,9,Table #8,LFO Frequency [Hz],87,5.55
45,9,Table #8,LFO Frequency [Hz],119,26.2
45,9,Table #8,LFO Frequency [Hz],24,1.01
45,9,Table #8,LFO Frequency [Hz],56,2.36
45,9,Table #8,LFO Frequency [Hz],88,5.72
45,9,Table #8,LFO Frequency [Hz],120,27.6
45,9,Table #8,LFO Frequency [Hz],25,1.05
45,9,Table #8,LFO Frequency [Hz],57,2.40
45,9,Table #8,LFO Frequency [Hz],89,6.06
45,9,Table #8,LFO Frequency [Hz],121,28.9
45,9,Table #8,LFO Frequency [Hz],26,1.09
45,9,Table #8,LFO Frequency [Hz],58,2.44
45,9,Table #8,LFO Frequency [Hz],90,6.39
45,9,Table #8,LFO Frequency [Hz],122,30.3
45,9,Table #8,LFO Frequency [Hz],27,1.14
45,9,Table #8,LFO Frequency [Hz],59,2.48
45,9,Table #8,LFO Frequency [Hz],91,6.73
45,9,Table #8,LFO Frequency [Hz],123,31.6
45,9,Table #8,LFO Frequency [Hz],28,1.18
45,9,Table #8,LFO Frequency [Hz],60,2.52
45,9,Table #8,LFO Frequency [Hz],92,7.07
45,9,Table #8,LFO Frequency [Hz],124,33.0
45,9,Table #8,LFO Frequency [Hz],29,1.22
45,9,Table #8,LFO Frequency [Hz],61,2.57
45,9,Table #8,LFO Frequency [Hz],93,7.40
45,9,Table #8,LFO Frequency [Hz],125,34.3
45,9,Table #8,LFO Frequency [Hz],30,1.26
45,9,Table #8,LFO Frequency [Hz],62,2.61
45,9,Table #8,LFO Frequency [Hz],94,7.74
45,9,Table #8,LFO Frequency [Hz],126,37.0
45,9,Table #8,LFO Frequency [Hz],31,1.30
45,9,Table #8,LFO Frequency [Hz],63,2.65
45,9,Table #8,LFO Frequency [Hz],95,8.08
45,9,Table #8,LFO Frequency [Hz],127,39.7
45,10,Table #12,V-Flanger Modulation Phase [deg],0,-180
45,10,Table #12,V-Flanger Modulation Phase [deg],1,-158
45,10,Table #12,V-Flanger Modulation Phase [deg],2,-135
45,10,Table #12,V-Flanger Modulation Phase [deg],3,-113
45,10,Table #12,V-Flanger Modulation Phase [deg],4,-90
45,10,Table #12,V-Flanger Modulation Phase [deg],5,-68
45,10,Table #12,V-Flanger Modulation Phase [deg],6,-45
45,10,Table #12,V-Flanger Modulation Phase [deg],7,-23
45,10,Table #12,V-Flanger Modulation Phase [deg],8,0
45,10,Table #12,V-Flanger Modulation Phase [deg],9,23
45,10,Table #12,V-Flanger Modulation Phase [deg],10,45
45,10,Table #12,V-Flanger Modulation Phase [deg],11,68
45,10,Table #12,V-Flanger Modulation Phase [deg],12,90
45,10,Table #12,V-Flanger Modulation Phase [deg],13,113
45,10,Table #12,V-Flanger Modulation Phase [deg],14,135
45,10,Table #12,V-Flanger Modulation Phase [deg],15,158
45,10,Table #12,V-Flanger Modulation Phase [deg],16,180
45,11,Table #13,Dyna Attack Time [ms],0,0.3
45,11,Table #13,Dyna Attack Time [ms],32,54.0
45,11,Table #13,Dyna Attack Time [ms],64,112
45,11,Table #13,Dyna Attack Time [ms],96,170
45,11,Table #13,Dyna Attack Time [ms],1,0.9
45,11,Table #13,Dyna Attack Time [ms],33,56.0
45,11,Table #13,Dyna Attack Time [ms],65,114
45,11,Table #13,Dyna Attack Time [ms],97,172
45,11,Table #13,Dyna Attack Time [ms],2,1.8
45,11,Table #13,Dyna Attack Time [ms],34,58.0
45,11,Table #13,Dyna Attack Time [ms],66,116
45,11,Table #13,Dyna Attack Time [ms],98,174
45,11,Table #13,Dyna Attack Time [ms],3,2.7
45,11,Table #13,Dyna Attack Time [ms],35,60.0
45,11,Table #13,Dyna Attack Time [ms],67,118
45,11,Table #13,Dyna Attack Time [ms],99,176
45,11,Table #13,Dyna Attack Time [ms],4,3.6
45,11,Table #13,Dyna Attack Time [ms],36,61.0
45,11,Table #13,Dyna Attack Time [ms],68,120
45,11,Table #13,Dyna Attack Time [ms],100,178
45,11,Table #13,Dyna Attack Time [ms],5,5.4
45,11,Table #13,Dyna Attack Time [ms],37,63.0
45,11,Table #13,Dyna Attack Time [ms],69,121
45,11,Table #13,Dyna Attack Time [ms],101,180
45,11,Table #13,Dyna Attack Time [ms],6,7.2
45,11,Table #13,Dyna Attack Time [ms],38,65.0
45,11,Table #13,Dyna Attack Time [ms],70,123
45,11,Table #13,Dyna Attack Time [ms],102,181
45,11,Table #13,Dyna Attack Time [ms],7,9.0
45,11,Table #13,Dyna Attack Time [ms],39,67.0
45,11,Table #13,Dyna Attack Time [ms],71,125
45,11,Table #13,Dyna Attack Time [ms],103,183
45,11,Table #13,Dyna Attack Time [ms],8,10.0
45,11,Table #13,Dyna Attack Time [ms],40,69.0
45,11,Table #13,Dyna Attack Time [ms],72,127
45,11,Table #13,Dyna Attack Time [ms],104,185
45,11,Table #13,Dyna Attack Time [ms],9,12.0
45,11,Table #13,Dyna Attack Time [ms],41,70.0
45,11,Table #13,Dyna Attack Time [ms],73,129
45,11,Table #13,Dyna Attack Time [ms],105,187
45,11,Table #13,Dyna Attack Time [ms],10,14.0
45,11,Table #13,Dyna Attack Time [ms],42,72.0
45,11,Table #13,Dyna Attack Time [ms],74,130
45,11,Table #13,Dyna Attack Time [ms],106,189
45,11,Table #13,Dyna Attack Time [ms],11,16.0
45,11,Table #13,Dyna Attack Time [ms],43,74.0
45,11,Table #13,Dyna Attack Time [ms],75,132
45,11,Table #13,Dyna Attack Time [ms],107,190
45,11,Table #13,Dyna Attack Time [ms],12,18.0
45,11,Table #13,Dyna Attack Time [ms],44,76.0
45,11,Table #13,Dyna Attack Time [ms],76,134
45,11,Table #13,Dyna Attack Time [ms],108,192
45,11,Table #13,Dyna Attack Time [ms],13,20.0
45,11,Table #13,Dyna Attack Time [ms],45,78.0
45,11,Table #13,Dyna Attack Time [ms],77,136
45,11,Table #13,Dyna Attack Time [ms],109,194
45,11,Table #13,Dyna Attack Time [ms],14,21.0
45,11,Table #13,Dyna Attack Time [ms],46,80.0
45,11,Table #13,Dyna Attack Time [ms],78,138
45,11,Table #13,Dyna Attack Time [ms],110,196
45,11,Table #13,Dyna Attack Time [ms],15,23.0
45,11,Table #13,Dyna Attack Time [ms],47,81.0
45,11,Table #13,Dyna Attack Time [ms],79,140
45,11,Table #13,Dyna Attack Time [ms],111,198
45,11,Table #13,Dyna Attack Time [ms],16,25.0
45,11,Table #13,Dyna Attack Time [ms],48,83.0
45,11,Table #13,Dyna Attack Time [ms],80,141
45,11,Table #13,Dyna Attack Time [ms],112,200
45,11,Table #13,Dyna Attack Time [ms],17,27.0
45,11,Table #13,Dyna Attack Time [ms],49,85.0
45,11,Table #13,Dyna Attack Time [ms],81,143
45,11,Table #13,Dyna Attack Time [ms],113,201
45,11,Table #13,Dyna Attack Time [ms],18,29.0
45,11,Table #13,Dyna Attack Time [ms],50,87.0
45,11,Table #13,Dyna Attack Time [ms],82,145
45,11,Table #13,Dyna Attack Time [ms],114,203
45,11,Table #13,Dyna Attack Time [ms],19,30.0
45,11,Table #13,Dyna Attack Time [ms],51,89.0
45,11,Table #13,Dyna Attack Time [ms],83,147
45,11,Table #13,Dyna Attack Time [ms],115,205
45,11,Table #13,Dyna Attack Time [ms],20,32.0
45,11,Table #13,Dyna Attack Time [ms],52,90.0
45,11,Table #13,Dyna Attack Time [ms],84,149
45,11,Table #13,Dyna Attack Time [ms],116,207
45,11,Table #13,Dyna Attack Time [ms],21,34.0
45,11,Table #13,Dyna Attack Time [ms],53,92.0
45,11,Table #13,Dyna Attack Time [ms],85,150
45,11,Table #13,Dyna Attack Time [ms],117,209
45,11,Table #13,Dyna Attack Time [ms],22,36.0
45,11,Table #13,Dyna Attack Time [ms],54,94.0
45,11,Table #13,Dyna Attack Time [ms],86,152
45,11,Table #13,Dyna Attack Time [ms],118,210
45,11,Table #13,Dyna Attack Time [ms],23,38.0
45,11,Table #13,Dyna Attack Time [ms],55,96.0
45,11,Table #13,Dyna Attack Time [ms],87,154
45,11,Table #13,Dyna Attack Time [ms],119,212
45,11,Table #13,Dyna Attack Time [ms],24,40.0
45,11,Table #13,Dyna Attack Time [ms],56,98.0
45,11,Table #13,Dyna Attack Time [ms],88,156
45,11,Table #13,Dyna Attack Time [ms],120,214
45,11,Table #13,Dyna Attack Time [ms],25,41.0
45,11,Table #13,Dyna Attack Time [ms],57,100.0
45,11,Table #13,Dyna Attack Time [ms],89,158
45,11,Table #13,Dyna Attack Time [ms],121,216
45,11,Table #13,Dyna Attack Time [ms],26,43.0
45,11,Table #13,Dyna Attack Time [ms],58,101.0
45,11,Table #13,Dyna Attack Time [ms],90,160
45,11,Table #13,Dyna Attack Time [ms],122,218
45,11,Table #13,Dyna Attack Time [ms],27,45.0
45,11,Table #13,Dyna Attack Time [ms],59,103.0
45,11,Table #13,Dyna Attack Time [ms],91,161
45,11,Table #13,Dyna Attack Time [ms],123,220
45,11,Table #13,Dyna Attack Time [ms],28,47.0
45,11,Table #13,Dyna Attack Time [ms],60,105.0
45,11,Table #13,Dyna Attack Time [ms],92,163
45,11,Table #13,Dyna Attack Time [ms],124,221
45,11,Table #13,Dyna Attack Time [ms],29,49.0
45,11,Table #13,Dyna Attack Time [ms],61,107.0
45,11,Table #13,Dyna Attack Time [ms],93,165
45,11,Table #13,Dyna Attack Time [ms],125,223
45,11,Table #13,Dyna Attack Time [ms],30,50.0
45,11,Table #13,Dyna Attack Time [ms],62,109.0
45,11,Table #13,Dyna Attack Time [ms],94,167
45,11,Table #13,Dyna Attack Time [ms],126,225
45,11,Table #13,Dyna Attack Time [ms],31,52.0
45,11,Table #13,Dyna Attack Time [ms],63,110.0
45,11,Table #13,Dyna Attack Time [ms],95,169
45,11,Table #13,Dyna Attack Time [ms],127,227
45,12,Table #9,Modulation Delay Offset [ms],0,0.0
45,12,Table #9,Modulation Delay Offset [ms],32,3.2
45,12,Table #9,Modulation Delay Offset [ms],64,6.4
45,12,Table #9,Modulation Delay Offset [ms],96,9.6
45,12,Table #9,Modulation Delay Offset [ms],1,0.1
45,12,Table #9,Modulation Delay Offset [ms],33,3.3
45,12,Table #9,Modulation Delay Offset [ms],65,6.5
45,12,Table #9,Modulation Delay Offset [ms],97,9.7
45,12,Table #9,Modulation Delay Offset [ms],2,0.2
45,12,Table #9,Modulation Delay Offset [ms],34,3.4
45,12,Table #9,Modulation Delay Offset [ms],66,6.6
45,12,Table #9,Modulation Delay Offset [ms],98,9.8
45,12,Table #9,Modulation Delay Offset [ms],3,0.3
45,12,Table #9,Modulation Delay Offset [ms],35,3.5
45,12,Table #9,Modulation Delay Offset [ms],67,6.7
45,12,Table #9,Modulation Delay Offset [ms],99,9.9
45,12,Table #9,Modulation Delay Offset [ms],4,0.4
45,12,Table #9,Modulation Delay Offset [ms],36,3.6
45,12,Table #9,Modulation Delay Offset [ms],68,6.8
45,12,Table #9,Modulation Delay Offset [ms],100,10.0
45,12,Table #9,Modulation Delay Offset [ms],5,0.5
45,12,Table #9,Modulation Delay Offset [ms],37,3.7
45,12,Table #9,Modulation Delay Offset [ms],69,6.9
45,12,Table #9,Modulation Delay Offset [ms],101,11.1
45,12,Table #9,Modulation Delay Offset [ms],6,0.6
45,12,Table #9,Modulation Delay Offset [ms],38,3.8
45,12,Table #9,Modulation Delay Offset [ms],70,7.0
45,12,Table #9,Modulation Delay Offset [ms],102,12.2
45,12,Table #9,Modulation Delay Offset [ms],7,0.7
45,12,Table #9,Modulation Delay Offset [ms],39,3.9
45,12,Table #9,Modulation Delay Offset [ms],71,7.1
45,12,Table #9,Modulation Delay Offset [ms],103,13.3
45,12,Table #9,Modulation Delay Offset [ms],8,0.8
45,12,Table #9,Modulation Delay Offset [ms],40,4.0
45,12,Table #9,Modulation Delay Offset [ms],72,7.2
45,12,Table #9,Modulation Delay Offset [ms],104,14.4
45,12,Table #9,Modulation Delay Offset [ms],9,0.9
45,12,Table #9,Modulation Delay Offset [ms],41,4.1
45,12,Table #9,Modulation Delay Offset [ms],73,7.3
45,12,Table #9,Modulation Delay Offset [ms],105,15.5
45,12,Table #9,Modulation Delay Offset [ms],10,1.0
45,12,Table #9,Modulation Delay Offset [ms],42,4.2
45,12,Table #9,Modulation Delay Offset [ms],74,7.4
45,12,Table #9,Modulation Delay Offset [ms],106,17.1
45,12,Table #9,Modulation Delay Offset [ms],11,1.1
45,12,Table #9,Modulation Delay Offset [ms],43,4.3
45,12,Table #9,Modulation Delay Offset [ms],75,7.5
45,12,Table #9,Modulation Delay Offset [ms],107,18.6
45,12,Table #9,Modulation Delay Offset [ms],12,1.2
45,12,Table #9,Modulation Delay Offset [ms],44,4.4
45,12,Table #9,Modulation Delay Offset [ms],76,7.6
45,12,Table #9,Modulation Delay Offset [ms],108,20.2
45,12,Table #9,Modulation Delay Offset [ms],13,1.3
45,12,Table #9,Modulation Delay Offset [ms],45,4.5
45,12,Table #9,Modulation Delay Offset [ms],77,7.7
45,12,Table #9,Modulation Delay Offset [ms],109,21.8
45,12,Table #9,Modulation Delay Offset [ms],14,1.4
45,12,Table #9,Modulation Delay Offset [ms],46,4.6
45,12,Table #9,Modulation Delay Offset [ms],78,7.8
45,12,Table #9,Modulation Delay Offset [ms],110,23.3
45,12,Table #9,Modulation Delay Offset [ms],15,1.5
45,12,Table #9,Modulation Delay Offset [ms],47,4.7
45,12,Table #9,Modulation Delay Offset [ms],79,7.9
45,12,Table #9,Modulation Delay Offset [ms],111,24.9
45,12,Table #9,Modulation Delay Offset [ms],16,1.6
45,12,Table #9,Modulation Delay Offset [ms],48,4.8
45,12,Table #9,Modulation Delay Offset [ms],80,8.0
45,12,Table #9,Modulation Delay Offset [ms],112,26.5
45,12,Table #9,Modulation Delay Offset [ms],17,1.7
45,12,Table #9,Modulation Delay Offset [ms],49,4.9
45,12,Table #9,Modulation Delay Offset [ms],81,8.1
45,12,Table #9,Modulation Delay Offset [ms],113,28.0
45,12,Table #9,Modulation Delay Offset [ms],18,1.8
45,12,Table #9,Modulation Delay Offset [ms],50,5.0
45,12,Table #9,Modulation Delay Offset [ms],82,8.2
45,12,Table #9,Modulation Delay Offset [ms],114,29.6
45,12,Table #9,Modulation Delay Offset [ms],19,1.9
45,12,Table #9,Modulation Delay Offset [ms],51,5.1
45,12,Table #9,Modulation Delay Offset [ms],83,8.3
45,12,Table #9,Modulation Delay Offset [ms],115,31.2
45,12,Table #9,Modulation Delay Offset [ms],20,2.0
45,12,Table #9,Modulation Delay Offset [ms],52,5.2
45,12,Table #9,Modulation Delay Offset [ms],84,8.4
45,12,Table #9,Modulation Delay Offset [ms],116,32.8
45,12,Table #9,Modulation Delay Offset [ms],21,2.1
45,12,Table #9,Modulation Delay Offset [ms],53,5.3
45,12,Table #9,Modulation Delay Offset [ms],85,8.5
45,12,Table #9,Modulation Delay Offset [ms],117,34.3
45,12,Table #9,Modulation Delay Offset [ms],22,2.2
45,12,Table #9,Modulation Delay Offset [ms],54,5.4
45,12,Table #9,Modulation Delay Offset [ms],86,8.6
45,12,Table #9,Modulation Delay Offset [ms],118,35.9
45,12,Table #9,Modulation Delay Offset [ms],23,2.3
45,12,Table #9,Modulation Delay Offset [ms],55,5.5
45,12,Table #9,Modulation Delay Offset [ms],87,8.7
45,12,Table #9,Modulation Delay Offset [ms],119,37.5
45,12,Table #9,Modulation Delay Offset [ms],24,2.4
45,12,Table #9,Modulation Delay Offset [ms],56,5.6
45,12,Table #9,Modulation Delay Offset [ms],88,8.8
45,12,Table #9,Modulation Delay Offset [ms],120,39.0
45,12,Table #9,Modulation Delay Offset [ms],25,2.5
45,12,Table #9,Modulation Delay Offset [ms],57,5.7
45,12,Table #9,Modulation Delay Offset [ms],89,8.9
45,12,Table #9,Modulation Delay Offset [ms],121,40.6
45,12,Table #9,Modulation Delay Offset [ms],26,2.6
45,12,Table #9,Modulation Delay Offset [ms],58,5.8
45,12,Table #9,Modulation Delay Offset [ms],90,9.0
45,12,Table #9,Modulation Delay Offset [ms],122,42.2
45,12,Table #9,Modulation Delay Offset [ms],27,2.7
45,12,Table #9,Modulation Delay Offset [ms],59,5.9
45,12,Table #9,Modulation Delay Offset [ms],91,9.1
45,12,Table #9,Modulation Delay Offset [ms],123,43.7
45,12,Table #9,Modulation Delay Offset [ms],28,2.8
45,12,Table #9,Modulation Delay Offset [ms],60,6.0
45,12,Table #9,Modulation Delay Offset [ms],92,9.2
45,12,Table #9,Modulation Delay Offset [ms],124,45.3
45,12,Table #9,Modulation Delay Offset [ms],29,2.9
45,12,Table #9,Modulation Delay Offset [ms],61,6.1
45,12,Table #9,Modulation Delay Offset [ms],93,9.3
45,12,Table #9,Modulation Delay Offset [ms],125,46.9
45,12,Table #9,Modulation Delay Offset [ms],30,3.0
45,12,Table #9,Modulation Delay Offset [ms],62,6.2
45,12,Table #9,Modulation Delay Offset [ms],94,9.4
45,12,Table #9,Modulation Delay Offset [ms],126,48.4
45,12,Table #9,Modulation Delay Offset [ms],31,3.1
45,12,Table #9,Modulation Delay Offset [ms],63,6.3
45,12,Table #9,Modulation Delay Offset [ms],95,9.5
45,12,Table #9,Modulation Delay Offset [ms],127,50.0
46,1,Table #14,Dyna Release Time [ms],0,2.6
46,1,Table #14,Dyna Release Time [ms],32,86.8
46,1,Table #14,Dyna Release Time [ms],64,369.1
46,1,Table #14,Dyna Release Time [ms],96,1064.0
46,1,Table #14,Dyna Release Time [ms],1,3.0
46,1,Table #14,Dyna Release Time [ms],33,91.2
46,1,Table #14,Dyna Release Time [ms],65,390.8
46,1,Table #14,Dyna Release Time [ms],97,1085.7
46,1,Table #14,Dyna Release Time [ms],2,3.4
46,1,Table #14,Dyna Release Time [ms],34,95.5
46,1,Table #14,Dyna Release Time [ms],66,412.5
46,1,Table #14,Dyna Release Time [ms],98,1107.4
46,1,Table #14,Dyna Release Time [ms],3,3.9
46,1,Table #14,Dyna Release Time [ms],35,99.8
46,1,Table #14,Dyna Release Time [ms],67,434.2
46,1,Table #14,Dyna Release Time [ms],99,1129.1
46,1,Table #14,Dyna Release Time [ms],4,4.3
46,1,Table #14,Dyna Release Time [ms],36,104.2
46,1,Table #14,Dyna Release Time [ms],68,456.0
46,1,Table #14,Dyna Release Time [ms],100,1150.8
46,1,Table #14,Dyna Release Time [ms],5,4.7
46,1,Table #14,Dyna Release Time [ms],37,108.5
46,1,Table #14,Dyna Release Time [ms],69,477.7
46,1,Table #14,Dyna Release Time [ms],101,1172.5
46,1,Table #14,Dyna Release Time [ms],6,5.2
46,1,Table #14,Dyna Release Time [ms],38,112.9
46,1,Table #14,Dyna Release Time [ms],70,499.4
46,1,Table #14,Dyna Release Time [ms],102,1194.3
46,1,Table #14,Dyna Release Time [ms],7,5.6
46,1,Table #14,Dyna Release Time [ms],39,117.2
46,1,Table #14,Dyna Release Time [ms],71,521.1
46,1,Table #14,Dyna Release Time [ms],103,1216.0
46,1,Table #14,Dyna Release Time [ms],8,6.0
46,1,Table #14,Dyna Release Time [ms],40,121.6
46,1,Table #14,Dyna Release Time [ms],72,542.8
46,1,Table #14,Dyna Release Time [ms],104,1237.7
46,1,Table #14,Dyna Release Time [ms],9,6.5
46,1,Table #14,Dyna Release Time [ms],41,125.9
46,1,Table #14,Dyna Release Time [ms],73,564.5
46,1,Table #14,Dyna Release Time [ms],105,1259.4
46,1,Table #14,Dyna Release Time [ms],10,6.9
46,1,Table #14,Dyna Release Time [ms],42,130.2
46,1,Table #14,Dyna Release Time [ms],74,586.2
46,1,Table #14,Dyna Release Time [ms],106,1281.1
46,1,Table #14,Dyna Release Time [ms],11,7.3
46,1,Table #14,Dyna Release Time [ms],43,134.6
46,1,Table #14,Dyna Release Time [ms],75,608.0
46,1,Table #14,Dyna Release Time [ms],107,1302.8
46,1,Table #14,Dyna Release Time [ms],12,7.8
46,1,Table #14,Dyna Release Time [ms],44,138.9
46,1,Table #14,Dyna Release Time [ms],76,629.7
46,1,Table #14,Dyna Release Time [ms],108,1346.3
46,1,Table #14,Dyna Release Time [ms],13,8.2
46,1,Table #14,Dyna Release Time [ms],45,143.3
46,1,Table #14,Dyna Release Time [ms],77,651.4
46,1,Table #14,Dyna Release Time [ms],109,1389.7
46,1,Table #14,Dyna Release Time [ms],14,8.6
46,1,Table #14,Dyna Release Time [ms],46,147.6
46,1,Table #14,Dyna Release Time [ms],78,673.1
46,1,Table #14,Dyna Release Time [ms],110,1433.1
46,1,Table #14,Dyna Release Time [ms],15,13.0
46,1,Table #14,Dyna Release Time [ms],47,152.0
46,1,Table #14,Dyna Release Time [ms],79,694.8
46,1,Table #14,Dyna Release Time [ms],111,1476.6
46,1,Table #14,Dyna Release Time [ms],16,17.3
46,1,Table #14,Dyna Release Time [ms],48,156.3
46,1,Table #14,Dyna Release Time [ms],80,716.5
46,1,Table #14,Dyna Release Time [ms],112,1520.0
46,1,Table #14,Dyna Release Time [ms],17,21.7
46,1,Table #14,Dyna Release Time [ms],49,160.6
46,1,Table #14,Dyna Release Time [ms],81,738.3
46,1,Table #14,Dyna Release Time [ms],113,1563.4
46,1,Table #14,Dyna Release Time [ms],18,26.0
46,1,Table #14,Dyna Release Time [ms],50,165.0
46,1,Table #14,Dyna Release Time [ms],82,760.0
46,1,Table #14,Dyna Release Time [ms],114,1606.8
46,1,Table #14,Dyna Release Time [ms],19,30.4
46,1,Table #14,Dyna Release Time [ms],51,169.3
46,1,Table #14,Dyna Release Time [ms],83,781.7
46,1,Table #14,Dyna Release Time [ms],115,1650.3
46,1,Table #14,Dyna Release Time [ms],20,34.7
46,1,Table #14,Dyna Release Time [ms],52,173.7
46,1,Table #14,Dyna Release Time [ms],84,803.4
46,1,Table #14,Dyna Release Time [ms],116,1693.7
46,1,Table #14,Dyna Release Time [ms],21,39.0
46,1,Table #14,Dyna Release Time [ms],53,178.0
46,1,Table #14,Dyna Release Time [ms],85,825.1
46,1,Table #14,Dyna Release Time [ms],117,1737.1
46,1,Table #14,Dyna Release Time [ms],22,43.4
46,1,Table #14,Dyna Release Time [ms],54,182.4
46,1,Table #14,Dyna Release Time [ms],86,846.8
46,1,Table #14,Dyna Release Time [ms],118,1780.6
46,1,Table #14,Dyna Release Time [ms],23,47.7
46,1,Table #14,Dyna Release Time [ms],55,186.7
46,1,Table #14,Dyna Release Time [ms],87,868.5
46,1,Table #14,Dyna Release Time [ms],119,1824.0
46,1,Table #14,Dyna Release Time [ms],24,52.1
46,1,Table #14,Dyna Release Time [ms],56,195.4
46,1,Table #14,Dyna Release Time [ms],88,890.3
46,1,Table #14,Dyna Release Time [ms],120,1867.4
46,1,Table #14,Dyna Release Time [ms],25,56.4
46,1,Table #14,Dyna Release Time [ms],57,217.1
46,1,Table #14,Dyna Release Time [ms],89,912.0
46,1,Table #14,Dyna Release Time [ms],121,1910.8
46,1,Table #14,Dyna Release Time [ms],26,60.8
46,1,Table #14,Dyna Release Time [ms],58,238.8
46,1,Table #14,Dyna Release Time [ms],90,933.7
46,1,Table #14,Dyna Release Time [ms],122,1954.3
46,1,Table #14,Dyna Release Time [ms],27,65.1
46,1,Table #14,Dyna Release Time [ms],59,260.5
46,1,Table #14,Dyna Release Time [ms],91,955.4
46,1,Table #14,Dyna Release Time [ms],123,1997.7
46,1,Table #14,Dyna Release Time [ms],28,69.4
46,1,Table #14,Dyna Release Time [ms],60,282.2
46,1,Table #14,Dyna Release Time [ms],92,977.1
46,1,Table #14,Dyna Release Time [ms],124,2041.1
46,1,Table #14,Dyna Release Time [ms],29,73.8
46,1,Table #14,Dyna Release Time [ms],61,304.0
46,1,Table #14,Dyna Release Time [ms],93,998.8
46,1,Table #14,Dyna Release Time [ms],125,2084.6
46,1,Table #14,Dyna Release Time [ms],30,78.1
46,1,Table #14,Dyna Release Time [ms],62,325.7
46,1,Table #14,Dyna Release Time [ms],94,1020.5
46,1,Table #14,Dyna Release Time [ms],126,2128.0
46,1,Table #14,Dyna Release Time [ms],31,82.5
46,1,Table #14,Dyna Release Time [ms],63,347.4
46,1,Table #14,Dyna Release Time [ms],95,1042.3
46,1,Table #14,Dyna Release Time [ms],127,2171.4
46,2,Table #19,Compressor Release Time [ms],0,10
46,2,Table #19,Compressor Release Time [ms],1,15
46,2,Table #19,Compressor Release Time [ms],2,25
46,2,Table #19,Compressor Release Time [ms],3,35
46,2,Table #19,Compressor Release Time [ms],4,45
46,2,Table #19,Compressor Release Time [ms],5,55
46,2,Table #19,Compressor Release Time [ms],6,65
46,2,Table #19,Compressor Release Time [ms],7,75
46,2,Table #19,Compressor Release Time [ms],8,85
46,2,Table #19,Compressor Release Time [ms],9,100
46,2,Table #19,Compressor Release Time [ms],10,115
46,2,Table #19,Compressor Release Time [ms],11,140
46,2,Table #19,Compressor Release Time [ms],12,170
46,2,Table #19,Compressor Release Time [ms],13,230
46,2,Table #19,Compressor Release Time [ms],14,340
46,2,Table #19,Compressor Release Time [ms],15,680
46,3,Table #20,Compressor Ratio,0,1.0
46,3,Table #20,Compressor Ratio,1,1.5
46,3,Table #20,Compressor Ratio,2,2.0
46,3,Table #20,Compressor Ratio,3,3.0
46,3,Table #20,Compressor Ratio,4,5.0
46,3,Table #20,Compressor Ratio,5,7.0
46,3,Table #20,Compressor Ratio,6,10.0
46,3,Table #20,Compressor Ratio,7,20.0
46,4,Table #22,Wah Release Time [ms],52,10.0
46,4,Table #22,Wah Release Time [ms],53,15.0
46,4,Table #22,Wah Release Time [ms],54,25.0
46,4,Table #22,Wah Release Time [ms],55,35.0
46,4,Table #22,Wah Release Time [ms],56,45.0
46,4,Table #22,Wah Release Time [ms],57,55.0
46,4,Table #22,Wah Release Time [ms],58,65.0
46,4,Table #22,Wah Release Time [ms],59,75.0
46,4,Table #22,Wah Release Time [ms],60,85.0
46,4,Table #22,Wah Release Time [ms],61,100.0
46,4,Table #22,Wah Release Time [ms],62,115.0
46,4,Table #22,Wah Release Time [ms],63,140.0
46,4,Table #22,Wah Release Time [ms],64,170.0
46,4,Table #22,Wah Release Time [ms],65,230.0
46,4,Table #22,Wah Release Time [ms],66,340.0
46,4,Table #22,Wah Release Time [ms],67,680.0
46,5,Table #17,EgMultiFx LFO Freq [Hz],0,0.100
46,5,Table #17,EgMultiFx LFO Freq [Hz],32,0.318
46,5,Table #17,EgMultiFx LFO Freq [Hz],64,1.009
46,5,Table #17,EgMultiFx LFO Freq [Hz],96,3.238
46,5,Table #17,EgMultiFx LFO Freq [Hz],1,0.103
46,5,Table #17,EgMultiFx LFO Freq [Hz],33,0.329
46,5,Table #17,EgMultiFx LFO Freq [Hz],65,1.051
46,5,Table #17,EgMultiFx LFO Freq [Hz],97,3.365
46,5,Table #17,EgMultiFx LFO Freq [Hz],2,0.105
46,5,Table #17,EgMultiFx LFO Freq [Hz],34,0.342
46,5,Table #17,EgMultiFx LFO Freq [Hz],66,1.093
46,5,Table #17,EgMultiFx LFO Freq [Hz],98,3.491
46,5,Table #17,EgMultiFx LFO Freq [Hz],3,0.110
46,5,Table #17,EgMultiFx LFO Freq [Hz],35,0.352
46,5,Table #17,EgMultiFx LFO Freq [Hz],67,1.125
46,5,Table #17,EgMultiFx LFO Freq [Hz],99,3.617
46,5,Table #17,EgMultiFx LFO Freq [Hz],4,0.113
46,5,Table #17,EgMultiFx LFO Freq [Hz],36,0.368
46,5,Table #17,EgMultiFx LFO Freq [Hz],68,1.167
46,5,Table #17,EgMultiFx LFO Freq [Hz],100,3.743
46,5,Table #17,EgMultiFx LFO Freq [Hz],5,0.118
46,5,Table #17,EgMultiFx LFO Freq [Hz],37,0.379
46,5,Table #17,EgMultiFx LFO Freq [Hz],69,1.220
46,5,Table #17,EgMultiFx LFO Freq [Hz],101,3.869
46,5,Table #17,EgMultiFx LFO Freq [Hz],6,0.124
46,5,Table #17,EgMultiFx LFO Freq [Hz],38,0.394
46,5,Table #17,EgMultiFx LFO Freq [Hz],70,1.262
46,5,Table #17,EgMultiFx LFO Freq [Hz],102,4.037
46,5,Table #17,EgMultiFx LFO Freq [Hz],7,0.129
46,5,Table #17,EgMultiFx LFO Freq [Hz],39,0.410
46,5,Table #17,EgMultiFx LFO Freq [Hz],71,1.304
46,5,Table #17,EgMultiFx LFO Freq [Hz],103,4.164
46,5,Table #17,EgMultiFx LFO Freq [Hz],8,0.131
46,5,Table #17,EgMultiFx LFO Freq [Hz],40,0.426
46,5,Table #17,EgMultiFx LFO Freq [Hz],72,1.346
46,5,Table #17,EgMultiFx LFO Freq [Hz],104,4.332
46,5,Table #17,EgMultiFx LFO Freq [Hz],9,0.137
46,5,Table #17,EgMultiFx LFO Freq [Hz],41,0.442
46,5,Table #17,EgMultiFx LFO Freq [Hz],73,1.409
46,5,Table #17,EgMultiFx LFO Freq [Hz],105,4.500
46,5,Table #17,EgMultiFx LFO Freq [Hz],10,0.142
46,5,Table #17,EgMultiFx LFO Freq [Hz],42,0.457
46,5,Table #17,EgMultiFx LFO Freq [Hz],74,1.451
46,5,Table #17,EgMultiFx LFO Freq [Hz],106,4.668
46,5,Table #17,EgMultiFx LFO Freq [Hz],11,0.147
46,5,Table #17,EgMultiFx LFO Freq [Hz],43,0.473
46,5,Table #17,EgMultiFx LFO Freq [Hz],75,1.514
46,5,Table #17,EgMultiFx LFO Freq [Hz],107,4.837
46,5,Table #17,EgMultiFx LFO Freq [Hz],12,0.152
46,5,Table #17,EgMultiFx LFO Freq [Hz],44,0.489
46,5,Table #17,EgMultiFx LFO Freq [Hz],76,1.556
46,5,Table #17,EgMultiFx LFO Freq [Hz],108,5.005
46,5,Table #17,EgMultiFx LFO Freq [Hz],13,0.158
46,5,Table #17,EgMultiFx LFO Freq [Hz],45,0.510
46,5,Table #17,EgMultiFx LFO Freq [Hz],77,1.619
46,5,Table #17,EgMultiFx LFO Freq [Hz],109,5.173
46,5,Table #17,EgMultiFx LFO Freq [Hz],14,0.166
46,5,Table #17,EgMultiFx LFO Freq [Hz],46,0.526
46,5,Table #17,EgMultiFx LFO Freq [Hz],78,1.682
46,5,Table #17,EgMultiFx LFO Freq [Hz],110,5.383
46,5,Table #17,EgMultiFx LFO Freq [Hz],15,0.171
46,5,Table #17,EgMultiFx LFO Freq [Hz],47,0.547
46,5,Table #17,EgMultiFx LFO Freq [Hz],79,1.745
46,5,Table #17,EgMultiFx LFO Freq [Hz],111,5.552
46,5,Table #17,EgMultiFx LFO Freq [Hz],16,0.176
46,5,Table #17,EgMultiFx LFO Freq [Hz],48,0.568
46,5,Table #17,EgMultiFx LFO Freq [Hz],80,1.808
46,5,Table #17,EgMultiFx LFO Freq [Hz],112,5.804
46,5,Table #17,EgMultiFx LFO Freq [Hz],17,0.184
46,5,Table #17,EgMultiFx LFO Freq [Hz],49,0.589
46,5,Table #17,EgMultiFx LFO Freq [Hz],81,1.872
46,5,Table #17,EgMultiFx LFO Freq [Hz],113,5.972
46,5,Table #17,EgMultiFx LFO Freq [Hz],18,0.192
46,5,Table #17,EgMultiFx LFO Freq [Hz],50,0.61
46,5,Table #17,EgMultiFx LFO Freq [Hz],82,1.956
46,5,Table #17,EgMultiFx LFO Freq [Hz],114,6.224
46,5,Table #17,EgMultiFx LFO Freq [Hz],19,0.197
46,5,Table #17,EgMultiFx LFO Freq [Hz],51,0.631
46,5,Table #17,EgMultiFx LFO Freq [Hz],83,2.019
46,5,Table #17,EgMultiFx LFO Freq [Hz],115,6.393
46,5,Table #17,EgMultiFx LFO Freq [Hz],20,0.205
46,5,Table #17,EgMultiFx LFO Freq [Hz],52,0.657
46,5,Table #17,EgMultiFx LFO Freq [Hz],84,2.103
46,5,Table #17,EgMultiFx LFO Freq [Hz],116,6.645
46,5,Table #17,EgMultiFx LFO Freq [Hz],21,0.213
46,5,Table #17,EgMultiFx LFO Freq [Hz],53,0.673
46,5,Table #17,EgMultiFx LFO Freq [Hz],85,2.166
46,5,Table #17,EgMultiFx LFO Freq [Hz],117,6.897
46,5,Table #17,EgMultiFx LFO Freq [Hz],22,0.221
46,5,Table #17,EgMultiFx LFO Freq [Hz],54,0.704
46,5,Table #17,EgMultiFx LFO Freq [Hz],86,2.250
46,5,Table #17,EgMultiFx LFO Freq [Hz],118,7.150
46,5,Table #17,EgMultiFx LFO Freq [Hz],23,0.229
46,5,Table #17,EgMultiFx LFO Freq [Hz],55,0.725
46,5,Table #17,EgMultiFx LFO Freq [Hz],87,2.334
46,5,Table #17,EgMultiFx LFO Freq [Hz],119,7.402
46,5,Table #17,EgMultiFx LFO Freq [Hz],24,0.237
46,5,Table #17,EgMultiFx LFO Freq [Hz],56,0.757
46,5,Table #17,EgMultiFx LFO Freq [Hz],88,2.418
46,5,Table #17,EgMultiFx LFO Freq [Hz],120,7.738
46,5,Table #17,EgMultiFx LFO Freq [Hz],25,0.247
46,5,Table #17,EgMultiFx LFO Freq [Hz],57,0.789
46,5,Table #17,EgMultiFx LFO Freq [Hz],89,2.502
46,5,Table #17,EgMultiFx LFO Freq [Hz],121,7.991
46,5,Table #17,EgMultiFx LFO Freq [Hz],26,0.255
46,5,Table #17,EgMultiFx LFO Freq [Hz],58,0.810
46,5,Table #17,EgMultiFx LFO Freq [Hz],90,2.608
46,5,Table #17,EgMultiFx LFO Freq [Hz],122,8.327
46,5,Table #17,EgMultiFx LFO Freq [Hz],27,0.265
46,5,Table #17,EgMultiFx LFO Freq [Hz],59,0.841
46,5,Table #17,EgMultiFx LFO Freq [Hz],91,2.692
46,5,Table #17,EgMultiFx LFO Freq [Hz],123,8.580
46,5,Table #17,EgMultiFx LFO Freq [Hz],28,0.276
46,5,Table #17,EgMultiFx LFO Freq [Hz],60,0.873
46,5,Table #17,EgMultiFx LFO Freq [Hz],92,2.776
46,5,Table #17,EgMultiFx LFO Freq [Hz],124,8.916
46,5,Table #17,EgMultiFx LFO Freq [Hz],29,0.284
46,5,Table #17,EgMultiFx LFO Freq [Hz],61,0.904
46,5,Table #17,EgMultiFx LFO Freq [Hz],93,2.902
46,5,Table #17,EgMultiFx LFO Freq [Hz],125,9.253
46,5,Table #17,EgMultiFx LFO Freq [Hz],30,0.294
46,5,Table #17,EgMultiFx LFO Freq [Hz],62,0.946
46,5,Table #17,EgMultiFx LFO Freq [Hz],94,2.986
46,5,Table #17,EgMultiFx LFO Freq [Hz],126,9.589
46,5,Table #17,EgMultiFx LFO Freq [Hz],31,0.308
46,5,Table #17,EgMultiFx LFO Freq [Hz],63,0.978
46,5,Table #17,EgMultiFx LFO Freq [Hz],95,3.112
46,5,Table #17,EgMultiFx LFO Freq [Hz],127,9.925
46,6,Table #28,Rotary Sp1 Speed Slow [rpm],0,0.0
46,6,Table #28,Rotary Sp1 Speed Slow [rpm],32,81.0
46,6,Table #28,Rotary Sp1 Speed Slow [rpm],1,2.4
46,6,Table #28,Rotary Sp1 Speed Slow [rpm],33,83.4
46,6,Table #28,Rotary Sp1 Speed Slow [rpm],2,4.8
46,6,Table #28,Rotary Sp1 Speed Slow [rpm],34,85.8
46,6,Table #28,Rotary Sp1 Speed Slow [rpm],3,7.8
46,6,Table #28,Rotary Sp1 Speed Slow [rpm],35,88.2
46,6,Table #28,Rotary Sp1 Speed Slow [rpm],4,10.2
46,6,Table #28,Rotary Sp1 Speed Slow [rpm],36,90.6
46,6,Table #28,Rotary Sp1 Speed Slow [rpm],5,12.6
46,6,Table #28,Rotary Sp1 Speed Slow [rpm],37,93.6
46,6,Table #28,Rotary Sp1 Speed Slow [rpm],6,15.0
46,6,Table #28,Rotary Sp1 Speed Slow [rpm],38,96.0
46,6,Table #28,Rotary Sp1 Speed Slow [rpm],7,17.4
46,6,Table #28,Rotary Sp1 Speed Slow [rpm],39,98.4
46,6,Table #28,Rotary Sp1 Speed Slow [rpm],8,20.4
46,6,Table #28,Rotary Sp1 Speed Slow [rpm],40,100.8
46,6,Table #28,Rotary Sp1 Speed Slow [rpm],9,22.8
46,6,Table #28,Rotary Sp1 Speed Slow [rpm],41,103.2
46,6,Table #28,Rotary Sp1 Speed Slow [rpm],10,25.2
46,6,Table #28,Rotary Sp1 Speed Slow [rpm],42,106.2
46,6,Table #28,Rotary Sp1 Speed Slow [rpm],11,27.6
46,6,Table #28,Rotary Sp1 Speed Slow [rpm],43,108.6
46,6,Table #28,Rotary Sp1 Speed Slow [rpm],12,30.6
46,6,Table #28,Rotary Sp1 Speed Slow [rpm],44,111.0
46,6,Table #28,Rotary Sp1 Speed Slow [rpm],13,33.0
46,6,Table #28,Rotary Sp1 Speed Slow [rpm],45,113.4
46,6,Table #28,Rotary Sp1 Speed Slow [rpm],14,35.4
46,6,Table #28,Rotary Sp1 Speed Slow [rpm],46,116.4
46,6,Table #28,Rotary Sp1 Speed Slow [rpm],15,37.8
46,6,Table #28,Rotary Sp1 Speed Slow [rpm],47,118.8
46,6,Table #28,Rotary Sp1 Speed Slow [rpm],16,40.2
46,6,Table #28,Rotary Sp1 Speed Slow [rpm],48,121.2
46,6,Table #28,Rotary Sp1 Speed Slow [rpm],17,43.2
46,6,Table #28,Rotary Sp1 Speed Slow [rpm],49,123.6
46,6,Table #28,Rotary Sp1 Speed Slow [rpm],18,45.6
46,6,Table #28,Rotary Sp1 Speed Slow [rpm],50,126.0
46,6,Table #28,Rotary Sp1 Speed Slow [rpm],19,48.0
46,6,Table #28,Rotary Sp1 Speed Slow [rpm],51,129.0
46,6,Table #28,Rotary Sp1 Speed Slow [rpm],20,50.4
46,6,Table #28,Rotary Sp1 Speed Slow [rpm],52,131.4
46,6,Table #28,Rotary Sp1 Speed Slow [rpm],21,52.8
46,6,Table #28,Rotary Sp1 Speed Slow [rpm],53,133.8
46,6,Table #28,Rotary Sp1 Speed Slow [rpm],22,55.8
46,6,Table #28,Rotary Sp1 Speed Slow [rpm],54,136.2
46,6,Table #28,Rotary Sp1 Speed Slow [rpm],23,58.2
46,6,Table #28,Rotary Sp1 Speed Slow [rpm],55,138.6
46,6,Table #28,Rotary Sp1 Speed Slow [rpm],24,60.6
46,6,Table #28,Rotary Sp1 Speed Slow [rpm],56,141.6
46,6,Table #28,Rotary Sp1 Speed Slow [rpm],25,63.0
46,6,Table #28,Rotary Sp1 Speed Slow [rpm],57,144.0
46,6,Table #28,Rotary Sp1 Speed Slow [rpm],26,65.4
46,6,Table #28,Rotary Sp1 Speed Slow [rpm],58,146.4
46,6,Table #28,Rotary Sp1 Speed Slow [rpm],27,68.4
46,6,Table #28,Rotary Sp1 Speed Slow [rpm],59,148.8
46,6,Table #28,Rotary Sp1 Speed Slow [rpm],28,70.8
46,6,Table #28,Rotary Sp1 Speed Slow [rpm],60,151.2
46,6,Table #28,Rotary Sp1 Speed Slow [rpm],29,73.2
46,6,Table #28,Rotary Sp1 Speed Slow [rpm],61,154.2
46,6,Table #28,Rotary Sp1 Speed Slow [rpm],30,75.6
46,6,Table #28,Rotary Sp1 Speed Slow [rpm],62,156.6
46,6,Table #28,Rotary Sp1 Speed Slow [rpm],31,78.0
46,6,Table #28,Rotary Sp1 Speed Slow [rpm],63,159.0
46,7,Table #18,Compressor Attack Time [ms],0,1
46,7,Table #18,Compressor Attack Time [ms],1,2
46,7,Table #18,Compressor Attack Time [ms],2,3
46,7,Table #18,Compressor Attack Time [ms],3,4
46,7,Table #18,Compressor Attack Time [ms],4,5
46,7,Table #18,Compressor Attack Time [ms],5,6
46,7,Table #18,Compressor Attack Time [ms],6,7
46,7,Table #18,Compressor Attack Time [ms],7,8
46,7,Table #18,Compressor Attack Time [ms],8,9
46,7,Table #18,Compressor Attack Time [ms],9,10
46,7,Table #18,Compressor Attack Time [ms],10,12
46,7,Table #18,Compressor Attack Time [ms],11,14
46,7,Table #18,Compressor Attack Time [ms],12,16
46,7,Table #18,Compressor Attack Time [ms],13,18
46,7,Table #18,Compressor Attack Time [ms],14,20
46,7,Table #18,Compressor Attack Time [ms],15,23
46,7,Table #18,Compressor Attack Time [ms],16,26
46,7,Table #18,Compressor Attack Time [ms],17,30
46,7,Table #18,Compressor Attack Time [ms],18,35
46,7,Table #18,Compressor Attack Time [ms],19,40
46,8,Table #29,Rotary Sp1 Speed Fast [rpm],64,161.4
46,8,Table #29,Rotary Sp1 Speed Fast [rpm],96,504.6
46,8,Table #29,Rotary Sp1 Speed Fast [rpm],65,166.8
46,8,Table #29,Rotary Sp1 Speed Fast [rpm],97,525.0
46,8,Table #29,Rotary Sp1 Speed Fast [rpm],66,171.6
46,8,Table #29,Rotary Sp1 Speed Fast [rpm],98,544.8
46,8,Table #29,Rotary Sp1 Speed Fast [rpm],67,176.4
46,8,Table #29,Rotary Sp1 Speed Fast [rpm],99,565.2
46,8,Table #29,Rotary Sp1 Speed Fast [rpm],68,181.8
46,8,Table #29,Rotary Sp1 Speed Fast [rpm],100,585.6
46,8,Table #29,Rotary Sp1 Speed Fast [rpm],69,186.6
46,8,Table #29,Rotary Sp1 Speed Fast [rpm],101,606.0
46,8,Table #29,Rotary Sp1 Speed Fast [rpm],70,192.0
46,8,Table #29,Rotary Sp1 Speed Fast [rpm],102,648.0
46,8,Table #29,Rotary Sp1 Speed Fast [rpm],71,196.8
46,8,Table #29,Rotary Sp1 Speed Fast [rpm],103,684.0
46,8,Table #29,Rotary Sp1 Speed Fast [rpm],72,202.2
46,8,Table #29,Rotary Sp1 Speed Fast [rpm],104,726.0
46,8,Table #29,Rotary Sp1 Speed Fast [rpm],73,207.0
46,8,Table #29,Rotary Sp1 Speed Fast [rpm],105,768.0
46,8,Table #29,Rotary Sp1 Speed Fast [rpm],74,211.8
46,8,Table #29,Rotary Sp1 Speed Fast [rpm],106,810.0
46,8,Table #29,Rotary Sp1 Speed Fast [rpm],75,217.2
46,8,Table #29,Rotary Sp1 Speed Fast [rpm],107,846.0
46,8,Table #29,Rotary Sp1 Speed Fast [rpm],76,222.0
46,8,Table #29,Rotary Sp1 Speed Fast [rpm],108,888.0
46,8,Table #29,Rotary Sp1 Speed Fast [rpm],77,232.2
46,8,Table #29,Rotary Sp1 Speed Fast [rpm],109,930.0
46,8,Table #29,Rotary Sp1 Speed Fast [rpm],78,242.4
46,8,Table #29,Rotary Sp1 Speed Fast [rpm],110,972.0
46,8,Table #29,Rotary Sp1 Speed Fast [rpm],79,252.6
46,8,Table #29,Rotary Sp1 Speed Fast [rpm],111,1008.0
46,8,Table #29,Rotary Sp1 Speed Fast [rpm],80,262.2
46,8,Table #29,Rotary Sp1 Speed Fast [rpm],112,1050.0
46,8,Table #29,Rotary Sp1 Speed Fast [rpm],81,272.4
46,8,Table #29,Rotary Sp1 Speed Fast [rpm],113,1092.0
46,8,Table #29,Rotary Sp1 Speed Fast [rpm],82,282.6
46,8,Table #29,Rotary Sp1 Speed Fast [rpm],114,1170.0
46,8,Table #29,Rotary Sp1 Speed Fast [rpm],83,292.8
46,8,Table #29,Rotary Sp1 Speed Fast [rpm],115,1254.0
46,8,Table #29,Rotary Sp1 Speed Fast [rpm],84,303.0
46,8,Table #29,Rotary Sp1 Speed Fast [rpm],116,1332.0
46,8,Table #29,Rotary Sp1 Speed Fast [rpm],85,313.2
46,8,Table #29,Rotary Sp1 Speed Fast [rpm],117,1416.0
46,8,Table #29,Rotary Sp1 Speed Fast [rpm],86,322.8
46,8,Table #29,Rotary Sp1 Speed Fast [rpm],118,1494.0
46,8,Table #29,Rotary Sp1 Speed Fast [rpm],87,333.0
46,8,Table #29,Rotary Sp1 Speed Fast [rpm],119,1572.0
46,8,Table #29,Rotary Sp1 Speed Fast [rpm],88,343.2
46,8,Table #29,Rotary Sp1 Speed Fast [rpm],120,1656.0
46,8,Table #29,Rotary Sp1 Speed Fast [rpm],89,363.6
46,8,Table #29,Rotary Sp1 Speed Fast [rpm],121,1734.0
46,8,Table #29,Rotary Sp1 Speed Fast [rpm],90,383.4
46,8,Table #29,Rotary Sp1 Speed Fast [rpm],122,1818.0
46,8,Table #29,Rotary Sp1 Speed Fast [rpm],91,403.8
46,8,Table #29,Rotary Sp1 Speed Fast [rpm],123,1896.0
46,8,Table #29,Rotary Sp1 Speed Fast [rpm],92,424.2
46,8,Table #29,Rotary Sp1 Speed Fast [rpm],124,1980.0
46,8,Table #29,Rotary Sp1 Speed Fast [rpm],93,444.0
46,8,Table #29,Rotary Sp1 Speed Fast [rpm],125,2058.0
46,8,Table #29,Rotary Sp1 Speed Fast [rpm],94,464.4
46,8,Table #29,Rotary Sp1 Speed Fast [rpm],126,2220.0
46,8,Table #29,Rotary Sp1 Speed Fast [rpm],95,484.8
46,8,Table #29,Rotary Sp1 Speed Fast [rpm],127,2382.0
46,9,Table #39,LO-FI Sampling Frequency Control [Hz],0,44.1k
46,9,Table #39,LO-FI Sampling Frequency Control [Hz],32,1.34k
46,9,Table #39,LO-FI Sampling Frequency Control [Hz],64,678.0
46,9,Table #39,LO-FI Sampling Frequency Control [Hz],96,455.0
46,9,Table #39,LO-FI Sampling Frequency Control [Hz],1,22.1k
46,9,Table #39,LO-FI Sampling Frequency Control [Hz],33,1.30k
46,9,Table #39,LO-FI Sampling Frequency Control [Hz],65,668.0
46,9,Table #39,LO-FI Sampling Frequency Control [Hz],97,450.0
46,9,Table #39,LO-FI Sampling Frequency Control [Hz],2,14.7k
46,9,Table #39,LO-FI Sampling Frequency Control [Hz],34,1.26k
46,9,Table #39,LO-FI Sampling Frequency Control [Hz],66,658.0
46,9,Table #39,LO-FI Sampling Frequency Control [Hz],98,445.0
46,9,Table #39,LO-FI Sampling Frequency Control [Hz],3,11.0k
46,9,Table #39,LO-FI Sampling Frequency Control [Hz],35,1.23k
46,9,Table #39,LO-FI Sampling Frequency Control [Hz],67,649.0
46,9,Table #39,LO-FI Sampling Frequency Control [Hz],99,441.0
46,9,Table #39,LO-FI Sampling Frequency Control [Hz],4,8.8k
46,9,Table #39,LO-FI Sampling Frequency Control [Hz],36,1.19k
46,9,Table #39,LO-FI Sampling Frequency Control [Hz],68,639.0
46,9,Table #39,LO-FI Sampling Frequency Control [Hz],100,437.0
46,9,Table #39,LO-FI Sampling Frequency Control [Hz],5,7.4k
46,9,Table #39,LO-FI Sampling Frequency Control [Hz],37,1.16k
46,9,Table #39,LO-FI Sampling Frequency Control [Hz],69,630.0
46,9,Table #39,LO-FI Sampling Frequency Control [Hz],101,432.0
46,9,Table #39,LO-FI Sampling Frequency Control [Hz],6,6.3k
46,9,Table #39,LO-FI Sampling Frequency Control [Hz],38,1.13k
46,9,Table #39,LO-FI Sampling Frequency Control [Hz],70,621.0
46,9,Table #39,LO-FI Sampling Frequency Control [Hz],102,428.0
46,9,Table #39,LO-FI Sampling Frequency Control [Hz],7,5.5k
46,9,Table #39,LO-FI Sampling Frequency Control [Hz],39,1.10k
46,9,Table #39,LO-FI Sampling Frequency Control [Hz],71,613.0
46,9,Table #39,LO-FI Sampling Frequency Control [Hz],103,424.0
46,9,Table #39,LO-FI Sampling Frequency Control [Hz],8,4.9k
46,9,Table #39,LO-FI Sampling Frequency Control [Hz],40,1.08k
46,9,Table #39,LO-FI Sampling Frequency Control [Hz],72,604.0
46,9,Table #39,LO-FI Sampling Frequency Control [Hz],104,420.0
46,9,Table #39,LO-FI Sampling Frequency Control [Hz],9,4.4k
46,9,Table #39,LO-FI Sampling Frequency Control [Hz],41,1.05k
46,9,Table #39,LO-FI Sampling Frequency Control [Hz],73,596.0
46,9,Table #39,LO-FI Sampling Frequency Control [Hz],105,416.0
46,9,Table #39,LO-FI Sampling Frequency Control [Hz],10,4.0k
46,9,Table #39,LO-FI Sampling Frequency Control [Hz],42,1.03k
46,9,Table #39,LO-FI Sampling Frequency Control [Hz],74,588.0
46,9,Table #39,LO-FI Sampling Frequency Control [Hz],106,412.0
46,9,Table #39,LO-FI Sampling Frequency Control [Hz],11,3.7k
46,9,Table #39,LO-FI Sampling Frequency Control [Hz],43,1.00k
46,9,Table #39,LO-FI Sampling Frequency Control [Hz],75,580.0
46,9,Table #39,LO-FI Sampling Frequency Control [Hz],107,408.0
46,9,Table #39,LO-FI Sampling Frequency Control [Hz],12,3.4k
46,9,Table #39,LO-FI Sampling Frequency Control [Hz],44,980.0
46,9,Table #39,LO-FI Sampling Frequency Control [Hz],76,573.0
46,9,Table #39,LO-FI Sampling Frequency Control [Hz],108,405.0
46,9,Table #39,LO-FI Sampling Frequency Control [Hz],13,3.2k
46,9,Table #39,LO-FI Sampling Frequency Control [Hz],45,959.0
46,9,Table #39,LO-FI Sampling Frequency Control [Hz],77,565.0
46,9,Table #39,LO-FI Sampling Frequency Control [Hz],109,401.0
46,9,Table #39,LO-FI Sampling Frequency Control [Hz],14,2.9k
46,9,Table #39,LO-FI Sampling Frequency Control [Hz],46,938.0
46,9,Table #39,LO-FI Sampling Frequency Control [Hz],78,558.0
46,9,Table #39,LO-FI Sampling Frequency Control [Hz],110,397.0
46,9,Table #39,LO-FI Sampling Frequency Control [Hz],15,2.8k
46,9,Table #39,LO-FI Sampling Frequency Control [Hz],47,919.0
46,9,Table #39,LO-FI Sampling Frequency Control [Hz],79,551.0
46,9,Table #39,LO-FI Sampling Frequency Control [Hz],111,394.0
46,9,Table #39,LO-FI Sampling Frequency Control [Hz],16,2.6k
46,9,Table #39,LO-FI Sampling Frequency Control [Hz],48,900.0
46,9,Table #39,LO-FI Sampling Frequency Control [Hz],80,544.0
46,9,Table #39,LO-FI Sampling Frequency Control [Hz],112,390.0
46,9,Table #39,LO-FI Sampling Frequency Control [Hz],17,2.5k
46,9,Table #39,LO-FI Sampling Frequency Control [Hz],49,882.0
46,9,Table #39,LO-FI Sampling Frequency Control [Hz],81,538.0
46,9,Table #39,LO-FI Sampling Frequency Control [Hz],113,387.0
46,9,Table #39,LO-FI Sampling Frequency Control [Hz],18,2.3k
46,9,Table #39,LO-FI Sampling Frequency Control [Hz],50,865.0
46,9,Table #39,LO-FI Sampling Frequency Control [Hz],82,531.0
46,9,Table #39,LO-FI Sampling Frequency Control [Hz],114,383.0
46,9,Table #39,LO-FI Sampling Frequency Control [Hz],19,2.2k
46,9,Table #39,LO-FI Sampling Frequency Control [Hz],51,848.0
46,9,Table #39,LO-FI Sampling Frequency Control [Hz],83,525.0
46,9,Table #39,LO-FI Sampling Frequency Control [Hz],115,380.0
46,9,Table #39,LO-FI Sampling Frequency Control [Hz],20,2.1k
46,9,Table #39,LO-FI Sampling Frequency Control [Hz],52,832.0
46,9,Table #39,LO-FI Sampling Frequency Control [Hz],84,519.0
46,9,Table #39,LO-FI Sampling Frequency Control [Hz],116,377.0
46,9,Table #39,LO-FI Sampling Frequency Control [Hz],21,2.0k
46,9,Table #39,LO-FI Sampling Frequency Control [Hz],53,817.0
46,9,Table #39,LO-FI Sampling Frequency Control [Hz],85,513.0
46,9,Table #39,LO-FI Sampling Frequency Control [Hz],117,374.0
46,9,Table #39,LO-FI Sampling Frequency Control [Hz],22,1.92k
46,9,Table #39,LO-FI Sampling Frequency Control [Hz],54,802.0
46,9,Table #39,LO-FI Sampling Frequency Control [Hz],86,507.0
46,9,Table #39,LO-FI Sampling Frequency Control [Hz],118,371.0
46,9,Table #39,LO-FI Sampling Frequency Control [Hz],23,1.84k
46,9,Table #39,LO-FI Sampling Frequency Control [Hz],55,788.0
46,9,Table #39,LO-FI Sampling Frequency Control [Hz],87,501.0
46,9,Table #39,LO-FI Sampling Frequency Control [Hz],119,368.0
46,9,Table #39,LO-FI Sampling Frequency Control [Hz],24,1.76k
46,9,Table #39,LO-FI Sampling Frequency Control [Hz],56,774.0
46,9,Table #39,LO-FI Sampling Frequency Control [Hz],88,496.0
46,9,Table #39,LO-FI Sampling Frequency Control [Hz],120,364.0
46,9,Table #39,LO-FI Sampling Frequency Control [Hz],25,1.70k
46,9,Table #39,LO-FI Sampling Frequency Control [Hz],57,760.0
46,9,Table #39,LO-FI Sampling Frequency Control [Hz],89,490.0
46,9,Table #39,LO-FI Sampling Frequency Control [Hz],121,361.0
46,9,Table #39,LO-FI Sampling Frequency Control [Hz],26,1.63k
46,9,Table #39,LO-FI Sampling Frequency Control [Hz],58,747.0
46,9,Table #39,LO-FI Sampling Frequency Control [Hz],90,485.0
46,9,Table #39,LO-FI Sampling Frequency Control [Hz],122,359.0
46,9,Table #39,LO-FI Sampling Frequency Control [Hz],27,1.58k
46,9,Table #39,LO-FI Sampling Frequency Control [Hz],59,735.0
46,9,Table #39,LO-FI Sampling Frequency Control [Hz],91,479.0
46,9,Table #39,LO-FI Sampling Frequency Control [Hz],123,356.0
46,9,Table #39,LO-FI Sampling Frequency Control [Hz],28,1.52k
46,9,Table #39,LO-FI Sampling Frequency Control [Hz],60,723.0
46,9,Table #39,LO-FI Sampling Frequency Control [Hz],92,474.0
46,9,Table #39,LO-FI Sampling Frequency Control [Hz],124,353.0
46,9,Table #39,LO-FI Sampling Frequency Control [Hz],29,1.47k
46,9,Table #39,LO-FI Sampling Frequency Control [Hz],61,711.0
46,9,Table #39,LO-FI Sampling Frequency Control [Hz],93,469.0
46,9,Table #39,LO-FI Sampling Frequency Control [Hz],125,350.0
46,9,Table #39,LO-FI Sampling Frequency Control [Hz],30,1.42k
46,9,Table #39,LO-FI Sampling Frequency Control [Hz],62,700.0
46,9,Table #39,LO-FI Sampling Frequency Control [Hz],94,464.0
46,9,Table #39,LO-FI Sampling Frequency Control [Hz],126,347.0
46,9,Table #39,LO-FI Sampling Frequency Control [Hz],31,1.38k
46,9,Table #39,LO-FI Sampling Frequency Control [Hz],63,689.0
46,9,Table #39,LO-FI Sampling Frequency Control [Hz],95,459.0
46,9,Table #39,LO-FI Sampling Frequency Control [Hz],127,345.0
46,10,Table #40,Ring Mod OSC Freq Course [Hz],0,0.7
46,10,Table #40,Ring Mod OSC Freq Course [Hz],32,25.6
46,10,Table #40,Ring Mod OSC Freq Course [Hz],64,151.4
46,10,Table #40,Ring Mod OSC Freq Course [Hz],96,895.0
46,10,Table #40,Ring Mod OSC Freq Course [Hz],1,1.3
46,10,Table #40,Ring Mod OSC Freq Course [Hz],33,26.9
46,10,Table #40,Ring Mod OSC Freq Course [Hz],65,160.2
46,10,Table #40,Ring Mod OSC Freq Course [Hz],97,946.1
46,10,Table #40,Ring Mod OSC Freq Course [Hz],2,2.0
46,10,Table #40,Ring Mod OSC Freq Course [Hz],34,28.9
46,10,Table #40,Ring Mod OSC Freq Course [Hz],66,169.6
46,10,Table #40,Ring Mod OSC Freq Course [Hz],98,1000.7
46,10,Table #40,Ring Mod OSC Freq Course [Hz],3,2.7
46,10,Table #40,Ring Mod OSC Freq Course [Hz],35,30.3
46,10,Table #40,Ring Mod OSC Freq Course [Hz],67,179.0
46,10,Table #40,Ring Mod OSC Freq Course [Hz],99,1057.2
46,10,Table #40,Ring Mod OSC Freq Course [Hz],4,3.4
46,10,Table #40,Ring Mod OSC Freq Course [Hz],36,32.3
46,10,Table #40,Ring Mod OSC Freq Course [Hz],68,189.1
46,10,Table #40,Ring Mod OSC Freq Course [Hz],100,1117.7
46,10,Table #40,Ring Mod OSC Freq Course [Hz],5,4.0
46,10,Table #40,Ring Mod OSC Freq Course [Hz],37,33.6
46,10,Table #40,Ring Mod OSC Freq Course [Hz],69,199.9
46,10,Table #40,Ring Mod OSC Freq Course [Hz],101,1181.7
46,10,Table #40,Ring Mod OSC Freq Course [Hz],6,4.7
46,10,Table #40,Ring Mod OSC Freq Course [Hz],38,35.7
46,10,Table #40,Ring Mod OSC Freq Course [Hz],70,211.3
46,10,Table #40,Ring Mod OSC Freq Course [Hz],102,1249.0
46,10,Table #40,Ring Mod OSC Freq Course [Hz],7,5.4
46,10,Table #40,Ring Mod OSC Freq Course [Hz],39,37.7
46,10,Table #40,Ring Mod OSC Freq Course [Hz],71,223.4
46,10,Table #40,Ring Mod OSC Freq Course [Hz],103,1320.3
46,10,Table #40,Ring Mod OSC Freq Course [Hz],8,6.1
46,10,Table #40,Ring Mod OSC Freq Course [Hz],40,39.7
46,10,Table #40,Ring Mod OSC Freq Course [Hz],72,236.2
46,10,Table #40,Ring Mod OSC Freq Course [Hz],104,1395.7
46,10,Table #40,Ring Mod OSC Freq Course [Hz],9,6.7
46,10,Table #40,Ring Mod OSC Freq Course [Hz],41,42.4
46,10,Table #40,Ring Mod OSC Freq Course [Hz],73,249.7
46,10,Table #40,Ring Mod OSC Freq Course [Hz],105,1475.1
46,10,Table #40,Ring Mod OSC Freq Course [Hz],10,7.4
46,10,Table #40,Ring Mod OSC Freq Course [Hz],42,44.4
46,10,Table #40,Ring Mod OSC Freq Course [Hz],74,263.8
46,10,Table #40,Ring Mod OSC Freq Course [Hz],106,1559.2
46,10,Table #40,Ring Mod OSC Freq Course [Hz],11,8.1
46,10,Table #40,Ring Mod OSC Freq Course [Hz],43,47.1
46,10,Table #40,Ring Mod OSC Freq Course [Hz],75,279.3
46,10,Table #40,Ring Mod OSC Freq Course [Hz],107,1648.7
46,10,Table #40,Ring Mod OSC Freq Course [Hz],12,8.7
46,10,Table #40,Ring Mod OSC Freq Course [Hz],44,49.8
46,10,Table #40,Ring Mod OSC Freq Course [Hz],76,294.7
46,10,Table #40,Ring Mod OSC Freq Course [Hz],108,1742.9
46,10,Table #40,Ring Mod OSC Freq Course [Hz],13,9.4
46,10,Table #40,Ring Mod OSC Freq Course [Hz],45,52.5
46,10,Table #40,Ring Mod OSC Freq Course [Hz],77,311.6
46,10,Table #40,Ring Mod OSC Freq Course [Hz],109,1841.8
46,10,Table #40,Ring Mod OSC Freq Course [Hz],14,10.1
46,10,Table #40,Ring Mod OSC Freq Course [Hz],46,55.9
46,10,Table #40,Ring Mod OSC Freq Course [Hz],78,329.7
46,10,Table #40,Ring Mod OSC Freq Course [Hz],110,1947.5
46,10,Table #40,Ring Mod OSC Freq Course [Hz],15,10.8
46,10,Table #40,Ring Mod OSC Freq Course [Hz],47,59.2
46,10,Table #40,Ring Mod OSC Freq Course [Hz],79,348.6
46,10,Table #40,Ring Mod OSC Freq Course [Hz],111,2058.5
46,10,Table #40,Ring Mod OSC Freq Course [Hz],16,11.4
46,10,Table #40,Ring Mod OSC Freq Course [Hz],48,62.6
46,10,Table #40,Ring Mod OSC Freq Course [Hz],80,368.1
46,10,Table #40,Ring Mod OSC Freq Course [Hz],112,2175.6
46,10,Table #40,Ring Mod OSC Freq Course [Hz],17,12.1
46,10,Table #40,Ring Mod OSC Freq Course [Hz],49,65.9
46,10,Table #40,Ring Mod OSC Freq Course [Hz],81,389.6
46,10,Table #40,Ring Mod OSC Freq Course [Hz],113,2300.1
46,10,Table #40,Ring Mod OSC Freq Course [Hz],18,12.8
46,10,Table #40,Ring Mod OSC Freq Course [Hz],50,70.0
46,10,Table #40,Ring Mod OSC Freq Course [Hz],82,411.8
46,10,Table #40,Ring Mod OSC Freq Course [Hz],114,2431.3
46,10,Table #40,Ring Mod OSC Freq Course [Hz],19,13.5
46,10,Table #40,Ring Mod OSC Freq Course [Hz],51,73.3
46,10,Table #40,Ring Mod OSC Freq Course [Hz],83,435.4
46,10,Table #40,Ring Mod OSC Freq Course [Hz],115,2569.9
46,10,Table #40,Ring Mod OSC Freq Course [Hz],20,14.1
46,10,Table #40,Ring Mod OSC Freq Course [Hz],52,78.1
46,10,Table #40,Ring Mod OSC Freq Course [Hz],84,459.6
46,10,Table #40,Ring Mod OSC Freq Course [Hz],116,2716.6
46,10,Table #40,Ring Mod OSC Freq Course [Hz],21,14.8
46,10,Table #40,Ring Mod OSC Freq Course [Hz],53,82.1
46,10,Table #40,Ring Mod OSC Freq Course [Hz],85,485.9
46,10,Table #40,Ring Mod OSC Freq Course [Hz],117,2871.4
46,10,Table #40,Ring Mod OSC Freq Course [Hz],22,15.5
46,10,Table #40,Ring Mod OSC Freq Course [Hz],54,86.8
46,10,Table #40,Ring Mod OSC Freq Course [Hz],86,514.1
46,10,Table #40,Ring Mod OSC Freq Course [Hz],118,3035.6
46,10,Table #40,Ring Mod OSC Freq Course [Hz],23,16.2
46,10,Table #40,Ring Mod OSC Freq Course [Hz],55,92.2
46,10,Table #40,Ring Mod OSC Freq Course [Hz],87,543.1
46,10,Table #40,Ring Mod OSC Freq Course [Hz],119,3208.5
46,10,Table #40,Ring Mod OSC Freq Course [Hz],24,16.8
46,10,Table #40,Ring Mod OSC Freq Course [Hz],56,96.9
46,10,Table #40,Ring Mod OSC Freq Course [Hz],88,574.0
46,10,Table #40,Ring Mod OSC Freq Course [Hz],120,3391.6
46,10,Table #40,Ring Mod OSC Freq Course [Hz],25,17.5
46,10,Table #40,Ring Mod OSC Freq Course [Hz],57,103.0
46,10,Table #40,Ring Mod OSC Freq Course [Hz],89,607.0
46,10,Table #40,Ring Mod OSC Freq Course [Hz],121,3585.4
46,10,Table #40,Ring Mod OSC Freq Course [Hz],26,18.2
46,10,Table #40,Ring Mod OSC Freq Course [Hz],58,108.3
46,10,Table #40,Ring Mod OSC Freq Course [Hz],90,642.0
46,10,Table #40,Ring Mod OSC Freq Course [Hz],122,3790.0
46,10,Table #40,Ring Mod OSC Freq Course [Hz],27,19.5
46,10,Table #40,Ring Mod OSC Freq Course [Hz],59,115.1
46,10,Table #40,Ring Mod OSC Freq Course [Hz],91,678.3
46,10,Table #40,Ring Mod OSC Freq Course [Hz],123,4006.6
46,10,Table #40,Ring Mod OSC Freq Course [Hz],28,20.9
46,10,Table #40,Ring Mod OSC Freq Course [Hz],60,121.1
46,10,Table #40,Ring Mod OSC Freq Course [Hz],92,717.3
46,10,Table #40,Ring Mod OSC Freq Course [Hz],124,4234.8
46,10,Table #40,Ring Mod OSC Freq Course [Hz],29,21.5
46,10,Table #40,Ring Mod OSC Freq Course [Hz],61,128.5
46,10,Table #40,Ring Mod OSC Freq Course [Hz],93,757.7
46,10,Table #40,Ring Mod OSC Freq Course [Hz],125,4477.0
46,10,Table #40,Ring Mod OSC Freq Course [Hz],30,22.9
46,10,Table #40,Ring Mod OSC Freq Course [Hz],62,135.9
46,10,Table #40,Ring Mod OSC Freq Course [Hz],94,801.5
46,10,Table #40,Ring Mod OSC Freq Course [Hz],126,4732.1
46,10,Table #40,Ring Mod OSC Freq Course [Hz],31,24.2
46,10,Table #40,Ring Mod OSC Freq Course [Hz],63,143.3
46,10,Table #40,Ring Mod OSC Freq Course [Hz],95,847.2
46,10,Table #40,Ring Mod OSC Freq Course [Hz],127,5002.6
