dl_page,table,section,MIDI Event,Status byte,1st Data byte,1st Data byte (Hex),1st Data parameter,2nd Data byte,2nd Data byte (Hex),2nd Data parameter,Voice › Regular/Drum/Natural,Voice › Mic,MIDI Reception › Song,MIDI Reception › Main/Layer/Left,MIDI Reception › Keyboard,MIDI Reception › Style,MIDI Reception › Extra,MIDI Transmission › Main/Layer/Left,MIDI Transmission › Style,MIDI Transmission › Song,MIDI Transmission › Upper Lower,PLAY › PLAY,PLAY › REW,REC › From panel (Main/Layer/Left)
58,1,MIDI CHANNEL MESSAGE (1),Key Off [GM1] [GM2],8nH (n: Channel Number),kk,kk,Key no. (0-127),vv,vv,Velocity (0-127),○,×,○,○,○,○,○,×,×,○,×,○,×,○
58,1,MIDI CHANNEL MESSAGE (1),Key On [GM1] [GM2],9nH (n: Channel Number),kk,kk,Key no. (0-127),vv,vv,Key On: vv=1-127 Key Off: vv=0,○,×,○,○,○,○,○,●,○,○,●,○,×,○
58,1,MIDI CHANNEL MESSAGE (1),Control Change,BnH,0 (00H),0 (00H),Bank Select MSB [GM2],0 (00H) 0 (00H) 8 (08H) 8 (08H) 64 (40H) 104 (68H) 104 (68H) 118 (76H) 119 (77H) 120 (78H) 121 (79H) 126 (7EH) 127 (7FH),0 (00H) 0 (00H) 8 (08H) 8 (08H) 64 (40H) 104 (68H) 104 (68H) 118 (76H) 119 (77H) 120 (78H) 121 (79H) 126 (7EH) 127 (7FH),Normal S.Articulation Voice MegaVoice S.Articulation Voice SFX Voice Normal S.Articulation Voice GS Rhythm GS Normal GM2 Rhythm GM2 Normal SFX kit Drum kit,○,×,○,○,○ (Main),○,○,●,●,●,×,○,○,○
58,1,MIDI CHANNEL MESSAGE (1),Control Change,BnH,1 (01H),1 (01H),Modulation [GM1] [GM2],0-127 (00H...7FH),0-127 (00H...7FH),Data,○,×,○,○,○ (All keyboard parts),○,○,●,○,○,●,○,○,○
58,1,MIDI CHANNEL MESSAGE (1),Control Change,BnH,5 (05H),5 (05H),Portamento Time [GM2],0-127 (00H...7FH),0-127 (00H...7FH),Data,○,×,○,○,○ (All keyboard parts),×,○,●,×,○,×,○,○,○
58,1,MIDI CHANNEL MESSAGE (1),Control Change,BnH,6 (06H),6 (06H),Data Entry MSB [GM2],0-127 (00H...7FH),0-127 (00H...7FH),Data,○,×,○,○,○ (All keyboard parts),○,○,●,○,○,×,○,×,○
58,1,MIDI CHANNEL MESSAGE (1),Control Change,BnH,7 (07H),7 (07H),Main Volume [GM1] [GM2],0-127 (00H...7FH),0-127 (00H...7FH),Data,○,○ (A/D Part Receive Channel),○,○,○ (All keyboard parts),○,○,●,●,●,×,○,○,○
58,1,MIDI CHANNEL MESSAGE (1),Control Change,BnH,10 (0AH),10 (0AH),Panpot [GM1] [GM2],0-127 (00H...7FH),0-127 (00H...7FH),L64…C…R63,○,○ (A/D Part Receive Channel),○,○,○ (All keyboard parts),○,○,●,●,●,×,○,○,○
58,1,MIDI CHANNEL MESSAGE (1),Control Change,BnH,11 (0BH),11 (0BH),Expression [GM1] [GM2],0-127 (00H...7FH),0-127 (00H...7FH),Data,○,×,○,○,○ (All keyboard parts),○,○,●,●,●,●,○,○,○
58,1,MIDI CHANNEL MESSAGE (1),Control Change,BnH,16 (10H),16 (10H),General Purpose Controller,0-127 (00H...7FH),0-127 (00H...7FH),Data,○,×,○,○,○ (All keyboard parts),×,○,×,×,○,●,○,○,×
58,1,MIDI CHANNEL MESSAGE (1),Control Change,BnH,32 (20H),32 (20H),Bank Select LSB [GM2],0-127 (00H...7FH),0-127 (00H...7FH),Data,○,×,○,○,○ (Main),○,○,●,●,●,×,○,○,○
58,1,MIDI CHANNEL MESSAGE (1),Control Change,BnH,38 (26H),38 (26H),Data Entry LSB [GM2],0-127 (00H...7FH),0-127 (00H...7FH),Data,○,×,○,○,○ (All keyboard parts),○,○,●,×,○,×,○,×,○
58,1,MIDI CHANNEL MESSAGE (1),Control Change,BnH,64 (40H),64 (40H),Sustain (Damper) [GM1] [GM2],0-127 (00H...7FH),0-127 (00H...7FH),Data,○,×,○,○,○ (All keyboard parts),×,○,●,×,○,●,○,○,○
58,1,MIDI CHANNEL MESSAGE (1),Control Change,BnH,65 (41H),65 (41H),Portamento [GM2],0-127 (00H...7FH),0-127 (00H...7FH),"0…63, 64…127 (OFF, ON)",○,×,○,○,○ (All keyboard parts),×,○,●,×,○,●,○,○,○
58,1,MIDI CHANNEL MESSAGE (1),Control Change,BnH,66 (42H),66 (42H),Sostenuto [GM2],0-127 (00H...7FH),0-127 (00H...7FH),"0…63, 64…127 (OFF, ON)",○,×,○,○,○ (All keyboard parts),×,○,●,×,○,●,○,○,○
58,1,MIDI CHANNEL MESSAGE (1),Control Change,BnH,67 (43H),67 (43H),Soft Pedal [GM2],0-127 (00H...7FH),0-127 (00H...7FH),"0…63, 64…127 (OFF, ON)",○,×,○,○,○ (All keyboard parts),×,○,●,×,○,●,○,○,○
58,1,MIDI CHANNEL MESSAGE (1),Control Change,BnH,71 (47H),71 (47H),Harmonic Content [GM2],0-127 (00H...7FH),0-127 (00H...7FH),-64…0…+63,○,×,○,○,○ (All keyboard parts),○,○,●,●,●,×,○,○,○
58,1,MIDI CHANNEL MESSAGE (1),Control Change,BnH,72 (48H),72 (48H),Release Time [GM2],0-127 (00H...7FH),0-127 (00H...7FH),-64…0…+63,○,×,○,○,○ (All keyboard parts),○,○,●,○,○,×,○,○,○
58,1,MIDI CHANNEL MESSAGE (1),Control Change,BnH,73 (49H),73 (49H),Attack Time [GM2],0-127 (00H...7FH),0-127 (00H...7FH),-64…0…+63,○,×,○,○,○ (All keyboard parts),○,○,●,○,○,×,○,○,○
58,1,MIDI CHANNEL MESSAGE (1),Control Change,BnH,74 (4AH),74 (4AH),Brightness [GM2],0-127 (00H...7FH),0-127 (00H...7FH),-64…0…+63,○,×,○,○,○ (All keyboard parts),○,○,●,●,●,×,○,○,○
58,1,MIDI CHANNEL MESSAGE (1),Control Change,BnH,75 (4BH),75 (4BH),Decay Time [GM2],0-127 (00H...7FH),0-127 (00H...7FH),-64…0…+63,○,×,○,○,○ (All keyboard parts),○,○,×,×,○,×,○,○,×
58,1,MIDI CHANNEL MESSAGE (1),Control Change,BnH,76 (4CH),76 (4CH),Vibrato Rate [GM2],0-127 (00H...7FH),0-127 (00H...7FH),-64…0…+63,○,×,○,○,○ (All keyboard parts),○,○,×,×,○,×,○,○,×
58,1,MIDI CHANNEL MESSAGE (1),Control Change,BnH,77 (4DH),77 (4DH),Vibrato Depth [GM2],0-127 (00H...7FH),0-127 (00H...7FH),-64…0…+63,○,×,○,○,○ (All keyboard parts),○,○,×,×,○,×,○,○,×
58,1,MIDI CHANNEL MESSAGE (1),Control Change,BnH,78 (4EH),78 (4EH),Vibrato Delay [GM2],0-127 (00H...7FH),0-127 (00H...7FH),-64…0…+63,○,×,○,○,○ (All keyboard parts),○,○,×,×,○,×,○,○,×
58,1,MIDI CHANNEL MESSAGE (1),Control Change,BnH,80 (50H),80 (50H),General Purpose Controller (Articulation 1),0-127 (00H...7FH),0-127 (00H...7FH),0: OFF 127: ON,○ (S.Art Voice only),×,○,×,×,×,×,×,○,○,×,○,○,○
58,1,MIDI CHANNEL MESSAGE (1),Control Change,BnH,81 (51H),81 (51H),General Purpose Controller (Articulation 2),0-127 (00H...7FH),0-127 (00H...7FH),0: OFF 127: ON,○ (S.Art Voice only),×,○,×,×,×,×,×,○,○,×,○,○,○
58,1,MIDI CHANNEL MESSAGE (1),Control Change,BnH,82 (52H),82 (52H),General Purpose Controller (Articuration 3),0-127 (00H...7FH),0-127 (00H...7FH),0: OFF 127: ON,×,×,○,×,×,×,×,×,○,○,×,×,×,×
58,1,MIDI CHANNEL MESSAGE (1),Control Change,BnH,84 (54H),84 (54H),Portamento Control,0-127 (00H...7FH),0-127 (00H...7FH),Key no. (0-127),○,×,○,○,×,○,○,○,○,○,×,○,×,○
58,1,MIDI CHANNEL MESSAGE (1),Control Change,BnH,91 (5BH),91 (5BH),Effect1 Depth (Reverb Send Level) [GM2],0-127 (00H...7FH),0-127 (00H...7FH),Data,○,○ (A/D Part Receive Channel),○,○,○ (All keyboard parts),○,○,●,●,●,×,○,○,○
58,1,MIDI CHANNEL MESSAGE (1),Control Change,BnH,93 (5DH),93 (5DH),Effect3 Depth (Chorus Send Level) [GM2],0-127 (00H...7FH),0-127 (00H...7FH),Data,○,○ (A/D Part Receive Channel),○,○,○ (All keyboard parts),○,○,●,●,●,×,○,○,○
58,1,MIDI CHANNEL MESSAGE (1),Control Change,BnH,94 (5EH),94 (5EH),Effect4 Depth (Variation Send Level),0-127 (00H...7FH),0-127 (00H...7FH),Data,○,×,○,○,○ (All keyboard parts),○,○,×,●,●,×,○,○,×
58,1,MIDI CHANNEL MESSAGE (1),Control Change,BnH,96 (60H),96 (60H),RPN Increment,— —,— —,The data byte is ignored.,○,×,○,○,×,○,○,×,×,○,×,○,×,×
58,1,MIDI CHANNEL MESSAGE (1),Control Change,BnH,97 (61H),97 (61H),RPN Decrement,— —,— —,The data byte is ignored.,○,×,○,○,×,○,○,×,×,○,×,○,×,×
58,1,MIDI CHANNEL MESSAGE (1),Control Change,BnH,98 (62H),98 (62H),NRPN LSB,0-127 (00H...7FH),0-127 (00H...7FH),Data,○,×,○,○,×,○,○,●,○,○,×,○,○,○
58,1,MIDI CHANNEL MESSAGE (1),Control Change,BnH,99 (63H),99 (63H),NRPN MSB,0-127 (00H...7FH),0-127 (00H...7FH),Data,○,×,○,○,×,○,○,●,○,○,×,○,○,○
58,1,MIDI CHANNEL MESSAGE (1),Control Change,BnH,100 (64H),100 (64H),RPN LSB [GM2],0-127 (00H...7FH),0-127 (00H...7FH),Data,○,×,○,○,○ (All keyboard parts),○,○,●,○,○,×,○,○,○
58,1,MIDI CHANNEL MESSAGE (1),Control Change,BnH,101 (65H),101 (65H),RPN MSB [GM2],0-127 (00H...7FH),0-127 (00H...7FH),Data,○,×,○,○,○ (All keyboard parts),○,○,●,○,○,×,○,○,○
59,1,MIDI CHANNEL MESSAGE (1),Mode Message,BnH (n: Channel Number),120 (78H),120 (78H),All Sound Off [GM2],0 (00H),0 (00H),Data,○,×,○,○,○ (All keyboard parts) (*1),○,○,×,×,○,×,○,×,×
59,1,MIDI CHANNEL MESSAGE (1),Mode Message,BnH (n: Channel Number),121 (79H),121 (79H),Reset All Controllers [GM1] [GM2],0 (00H),0 (00H),Data,○,×,○,×,×,×,×,×,×,○,×,○,×,×
59,1,MIDI CHANNEL MESSAGE (1),Mode Message,BnH (n: Channel Number),122 (7AH),122 (7AH),Local Control,0 (00H) 127 (7FH),0 (00H) 127 (7FH),OFF ON,—,—,○,○,○,○,○,×,×,×,×,×,×,×
59,1,MIDI CHANNEL MESSAGE (1),Mode Message,BnH (n: Channel Number),123 (7BH),123 (7BH),All Note Off [GM1] [GM2],0 (00H),0 (00H),Data,○,×,○,○,○ (All keyboard parts),○,○,×,×,○,×,○,×,×
59,1,MIDI CHANNEL MESSAGE (1),Mode Message,BnH (n: Channel Number),124 (7CH),124 (7CH),Omni Off [GM2],0 (00H),0 (00H),Data,○,×,○ (*1),×,×,×,×,×,×,○,×,○,×,×
59,1,MIDI CHANNEL MESSAGE (1),Mode Message,BnH (n: Channel Number),125 (7DH),125 (7DH),Omni On [GM2],0 (00H),0 (00H),Data,○,×,○ (*2),×,×,×,×,×,×,○,×,○,×,×
59,1,MIDI CHANNEL MESSAGE (1),Mode Message,BnH (n: Channel Number),126 (7EH),126 (7EH),Mono [GM2],0-16 (00H...10H),0-16 (00H...10H),Data,○,×,○,×,×,×,×,×,×,○,×,○,×,×
59,1,MIDI CHANNEL MESSAGE (1),Mode Message,BnH (n: Channel Number),127 (7FH),127 (7FH),Poly [GM2],0 (00H),0 (00H),Data,○,×,○,×,×,×,×,×,×,○,×,○,×,×
59,1,MIDI CHANNEL MESSAGE (1),Program Change [GM1] [GM2],CnH (n: Channel Number),pp (00H...7FH),pp (00H...7FH),Voice no. (0-127),—,—,—,○,×,○,○,○ (Main),○,○,●,●,●,×,○,○,○
59,1,MIDI CHANNEL MESSAGE (1),Channel After Touch [GM1] [GM2],DnH (n: Channel Number),vv (00H...7FH),vv (00H...7FH),Data,—,—,—,○,×,○,○,○ (All keyboard parts),×,○,×,×,○,×,○,×,○
59,1,MIDI CHANNEL MESSAGE (1),Polyphonic After Touch,AnH (n: Channel Number),kk (00H...7FH),kk (00H...7FH),Key no. (0-127),vv (00H...7FH),vv (00H...7FH),Data,○,×,○,×,×,×,×,×,×,○,×,○,×,×
59,1,MIDI CHANNEL MESSAGE (1),Pitch Bend Change [GM1] [GM2],EnH (n: Channel Number),cc (00H...7FH),cc (00H...7FH),LSB,dd (00H...7FH),dd (00H...7FH),MSB,○,×,○,○,○ (All keyboard parts),○,○,●,○,○,●,○,○,○
59,1,MIDI CHANNEL MESSAGE (1),Realtime Message,F8H MIDI Clock,—,,—,—,,—,—,—,"○ (Received when the Clock is set to USB1, USB2, or Wireless LAN.)","○ (Received when the Clock is set to USB1, USB2, or Wireless LAN.)","○ (Received when the Clock is set to USB1, USB2, or Wireless LAN.)","○ (Received when the Clock is set to USB1, USB2, or Wireless LAN.)","○ (Received when the Clock is set to USB1, USB2, or Wireless LAN.)",○ (Transmitted when the Clock is set to Internal and the Transmit Clock is set to On.),○ (Transmitted when the Clock is set to Internal and the Transmit Clock is set to On.),○ (Transmitted when the Clock is set to Internal and the Transmit Clock is set to On.),○ (Transmitted when the Clock is set to Internal and the Transmit Clock is set to On.),—,—,—
59,1,MIDI CHANNEL MESSAGE (1),Realtime Message,FAH Start,—,,—,—,,—,—,—,"○ (Received when the Clock is set to USB1, USB2, or Wireless LAN.)","○ (Received when the Clock is set to USB1, USB2, or Wireless LAN.)","○ (Received when the Clock is set to USB1, USB2, or Wireless LAN.)","○ (Received when the Clock is set to USB1, USB2, or Wireless LAN.)","○ (Received when the Clock is set to USB1, USB2, or Wireless LAN.)",○ (Transmitted when the Transmit Clock is set to On.),○ (Transmitted when the Transmit Clock is set to On.),○ (Transmitted when the Transmit Clock is set to On.),○ (Transmitted when the Transmit Clock is set to On.),—,—,—
59,1,MIDI CHANNEL MESSAGE (1),Realtime Message,FBH Continue,—,,—,—,,—,—,—,×,×,×,×,×,×,×,×,×,—,—,—
59,1,MIDI CHANNEL MESSAGE (1),Realtime Message,FCH Stop,—,,—,—,,—,—,—,"○ (Received when the Clock is set to USB1, USB2, or Wireless LAN.)","○ (Received when the Clock is set to USB1, USB2, or Wireless LAN.)","○ (Received when the Clock is set to USB1, USB2, or Wireless LAN.)","○ (Received when the Clock is set to USB1, USB2, or Wireless LAN.)","○ (Received when the Clock is set to USB1, USB2, or Wireless LAN.)",○ (Transmitted when the Transmit Clock is set to On.),○ (Transmitted when the Transmit Clock is set to On.),○ (Transmitted when the Transmit Clock is set to On.),○ (Transmitted when the Transmit Clock is set to On.),—,—,—
59,1,MIDI CHANNEL MESSAGE (1),Realtime Message,FEH Active Sense [GM2],—,,—,—,,—,—,—,○,○,○,○,○,○,○,○,○,—,—,—
59,1,MIDI CHANNEL MESSAGE (1),Realtime Message,FFH System Reset,—,,—,—,,—,—,—,×,×,×,×,×,×,×,×,×,—,—,—
