dl_page,table,section,MIDI Event,Data Format,Voice › Regular/Drum/Natural,Voice › Mic,MIDI Reception › Song,MIDI Reception › Main/Layer/Left,MIDI Reception › Keyboard,MIDI Reception › Style,MIDI Reception › Extra,MIDI Transmission › Main/Layer/Left,MIDI Transmission › Style,MIDI Transmission › Song,MIDI Transmission › Upper Lower,PLAY › PLAY,PLAY › REW,REC › From panel (Main/Layer/Left)
69,1,System Exclusive Messages (Universal Real Time Messages),Master Volume [GM2],F0 7F XN 04 01 SS TT F7,○,×,○ (Available only for Song parts and Extra parts),○ (Available only for Song parts and Extra parts),○ (Available only for Song parts and Extra parts),○ (Available only for Song parts and Extra parts),○ (Available only for Song parts and Extra parts),○,○,○,○,○,○,×
69,1,System Exclusive Messages (Universal Real Time Messages),Master Volume [GM2],"11110000 F0 = Exclusive status 01111111 7F = Universal Real Time 0xxxnnnn XN = When N is received N=0-F, whichever is received. X=ignored 00000100 04 = Sub-ID #1 = Device Control Message 00000001 01 = Sub-ID #2 = Master Volume 0sssssss SS = Volume LSB 0ttttttt TT = Volume MSB 11110111 F7 = End of Exclusive",○,×,○ (Available only for Song parts and Extra parts),○ (Available only for Song parts and Extra parts),○ (Available only for Song parts and Extra parts),○ (Available only for Song parts and Extra parts),○ (Available only for Song parts and Extra parts),○,○,○,○,○,○,×
69,1,System Exclusive Messages (Universal Real Time Messages),Master Fine Tuning [GM2],F0 7F XN 04 03 SS TT F7,○,×,○ (Available only for Song parts and Extra parts),○ (Available only for Song parts and Extra parts),○ (Available only for Song parts and Extra parts),○ (Available only for Song parts and Extra parts),○ (Available only for Song parts and Extra parts),○,○,○,○,○,×,×
69,1,System Exclusive Messages (Universal Real Time Messages),Master Fine Tuning [GM2],"11110000 F0 = Exclusive status 01111111 7F = Universal Real Time 0xxxnnnn XN = When N is received N=0-F, whichever is received. X=ignored 00000100 04 = Sub-ID #1 = Device Control Message 00000011 03 = Sub-ID #2 = Master Fine Tuning 0sssssss SS = Fine Tuning LSB 0ttttttt TT = Fine Tuning MSB 11110111 F7 = End of Exclusive",○,×,○ (Available only for Song parts and Extra parts),○ (Available only for Song parts and Extra parts),○ (Available only for Song parts and Extra parts),○ (Available only for Song parts and Extra parts),○ (Available only for Song parts and Extra parts),○,○,○,○,○,×,×
69,1,System Exclusive Messages (Universal Real Time Messages),Master Coarse Tuning [GM2],F0 7F XN 04 04 00 TT F7,○,×,○ (Available only for Song parts and Extra parts),○ (Available only for Song parts and Extra parts),○ (Available only for Song parts and Extra parts),○ (Available only for Song parts and Extra parts),○ (Available only for Song parts and Extra parts),○,○,○,○,○,×,×
69,1,System Exclusive Messages (Universal Real Time Messages),Master Coarse Tuning [GM2],"11110000 F0 = Exclusive status 01111111 7F = Universal Real Time 0xxxnnnn XN = When N is received N=0-F, whichever is received. X=ignored 00000100 04 = Sub-ID #1=Device Control Message 00000100 04 = Sub-ID #2=Master Coarse Tuning 00000000 00 0ttttttt TT = Coarse Tuning MSB 11110111 F7 = End of Exclusive",○,×,○ (Available only for Song parts and Extra parts),○ (Available only for Song parts and Extra parts),○ (Available only for Song parts and Extra parts),○ (Available only for Song parts and Extra parts),○ (Available only for Song parts and Extra parts),○,○,○,○,○,×,×
69,1,System Exclusive Messages (Universal Real Time Messages),Reverb Parameter [GM2],F0 7F XN 04 05 01 01 01 01 01 PP VV … F7,○,○,○,○,○,○,○,○,○,○,○,○,○,×
69,1,System Exclusive Messages (Universal Real Time Messages),Reverb Parameter [GM2],"11110000 F0 = Exclusive status 01111111 7F = Universal Real Time 0xxxnnnn XN = When N is received N=0-F, whichever is received. X=ignored 00000100 04 = Sub-ID #1 = Device Control Message 00000101 05 = Sub-ID #2 = Global Parameter Control 00000001 01 = Slot path length = 1 00000001 01 = Parameter ID width = 1 00000001 01 = Value width = 1 00000001 01 = Slot path MSB = 1 00000001 01 = Slot path LSB = 1 (Reverb) 0ppppppp PP = Parameter to be controlled. 0vvvvvvv VV = Value for the Parameter. … … 11110111 F7 = End of Exclusive Parameter (pp) Value (vv) Display -------------------------------------------------------- pp=0 Reverb Type 0…8 0: RoomS 1: RoomM 2: RoomL 3: HallM 4: HallL(default) 8: GM Plate pp=1 Reverb Time 0…127 0…11.0s",○,○,○,○,○,○,○,○,○,○,○,○,○,×
69,1,System Exclusive Messages (Universal Real Time Messages),Chorus Parameter [GM2],F0 7F XN 04 05 01 01 01 01 02 PP VV … F7,○,○,○,○,○,○,○,○,○,○,○,○,○,×
69,1,System Exclusive Messages (Universal Real Time Messages),Chorus Parameter [GM2],"11110000 F0 = Exclusive status 01111111 7F = Universal Real Time 0xxxnnnn XN = When N is received N=0-F, whichever is received. X=ignored 00000100 04 = Sub-ID #1 = Device Control Message 00000101 05 = Sub-ID #2 = Global Parameter Control 00000001 01 = Slot path length = 1 00000001 01 = Parameter ID width = 1 00000001 01 = Value width = 1 00000001 01 = Slot path MSB = 1 00000010 02 = Slot path LSB = 2 (Chorus) 0ppppppp PP = Parameter to be controlled. 0vvvvvvv VV = Value for the Parameter. … … 11110111 F7 = End of Exclusive Parameter (pp) Value (vv) Display --------------------------------------------------------------- pp=0 Chorus Type 0…5 0: GM Chorus1 1: GM Chorus2 2: GM Chorus3 (default) 3: GM Chorus4 4: FB Chorus 5: GM Flanger pp=1 Mod Rate 0…127 0…15.5Hz pp=2 Mod Depth 0…127 pp=3 Feedback 0…127 pp=4 Send to Reverb 0…127",○,○,○,○,○,○,○,○,○,○,○,○,○,×
70,1,System Exclusive Messages (Universal Real Time Messages),Channel Pressure (Aftertouch) [GM2],F0 7F XN 09 01 0M PP RR … F7,○,×,○,×,×,×,×,×,×,○,×,○,×,×
70,1,System Exclusive Messages (Universal Real Time Messages),Channel Pressure (Aftertouch) [GM2],"11110000 F0 = Exclusive status 01111111 7F = Universal Real Time 0xxxnnnn XN = When N is received N=0-F, whichever is received. X=ignored 00001001 09 = Sub-ID #1= Controller Destination Setting 00000001 01 = Sub-ID #2= Controller Type: 01 (Channel Pressure) 0000mmmm 0M = MIDI Channel (00-0F) 0ppppppp PP = Controlled Parameter 0rrrrrrr RR = Data … … 11110111 F7 = End of Exclusive Make sure to set both the Controlled Parameter and the Range. Parameters not set will be restored to their default values. Control Parameter (pp) Data (RR) Description Default Value ------------------------------------------------------------------------------------ pp=00 Pitch Control 28H-58H -24…0…+24semitones 40H pp=01 Filter Cutoff Control 00H-7FH -9600…0…+9450cents 40H pp=02 Amplitude Control 00H-7FH -100…0…+100% 40H pp=03 LFO Pitch Depth 00H-7FH 0…127 00H pp=04 LFO Filter Depth 00H-7FH 0…127 00H pp=05 LFO Amplitude Depth 00H-7FH 0…127 00H",○,×,○,×,×,×,×,×,×,○,×,○,×,×
70,1,System Exclusive Messages (Universal Real Time Messages),Controller (Control Change) [GM2],F0 7F XN 09 03 0M CC PP RR … F7,○,×,○,×,×,×,×,×,×,○,×,○,×,×
70,1,System Exclusive Messages (Universal Real Time Messages),Controller (Control Change) [GM2],"11110000 F0 = Exclusive status 01111111 7F = Universal Real Time 0xxxnnnn XN = When N is received N=0-F, whichever is received. X=ignored 00001001 09 = Sub-ID #1 = Controller Destination Setting 00000011 03 = Sub-ID #2 = Controller Type: 03 (Control Change) 0000mmmm 0M = MIDI Channel (00-0F) 0ccccccc CC = Controller Number (01H-1FH, 40H-5FH) 0ppppppp PP = Controlled Parameter 0rrrrrrr RR = Range … … 11110111 F7 = End of Exclusive Make sure to set both the Controlled Parameter and the Range. Parameters not set will be restored to their default values. Control Parameter (pp) Data (RR) Description Default Value ------------------------------------------------------------------------------------ pp=00 Pitch Control 28H-58H -24…0…+24semitones 40H pp=01 Filter Cutoff Control 00H-7FH -9600…0…+9450cents 40H pp=02 Amplitude Control 00H-7FH -100…0…+100% 40H pp=03 LFO Pitch Depth 00H-7FH 0…127 00H pp=04 LFO Filter Depth 00H-7FH 0…127 00H pp=05 LFO Amplitude Depth 00H-7FH 0…127 00H",○,×,○,×,×,×,×,×,×,○,×,○,×,×
70,1,System Exclusive Messages (Universal Real Time Messages),Key-Based Instrument Control [GM2],F0 7F XN 0A 01 0M KK CC VV … F7,○ (Drum only),×,○,×,×,×,×,×,×,○,×,○,×,×
70,1,System Exclusive Messages (Universal Real Time Messages),Key-Based Instrument Control [GM2],"11110000 F0 = Exclusive status 01111111 7F = Universal Real Time 0xxxnnnn XN = When N is received N=0-F, whichever is received. X=ignored 00001010 0A = Sub-ID #1 = Key-Based Instrument Control 00000001 01 = Sub-ID #2= Controller 0000mmmm 0M = MIDI Channel (00-0F) 0kkkkkkk KK = Key Number 0ccccccc CC = Controller Number 0vvvvvvv VV = Value … … 11110111 F7 = End of Exclusive Make sure to set both the Controlled Parameter and the Value. Control Number (CC) Value (VV) Description Default Value ---------------------------------------------------------------------------------- CC=07H Volume 00H-7FH -100…0…+100% 40H CC=0AH Pan 00H-7FH -L63…C…R63 (Preset value) (absolute) CC=5BH Reverb Send Level 00H-7FH 0…Max (Preset value) (absolute) CC=5DH Chorus Send Level 00H-7FH 0…Max (Preset value) (absolute)",○ (Drum only),×,○,×,×,×,×,×,×,○,×,○,×,×
71,1,System Exclusive Messages (Universal Non-Real Time Messages),GM1 System On [GM1] [GM2],F0 7E XN 09 01 F7,○,—,○ (Available only for Song parts and Extra parts),○ (Available only for Song parts and Extra parts),○ (Available only for Song parts and Extra parts),○ (Available only for Song parts and Extra parts),○ (Available only for Song parts and Extra parts),○,○,○,○,○,×,○
71,1,System Exclusive Messages (Universal Non-Real Time Messages),GM1 System On [GM1] [GM2],"11110000 F0 = Exclusive status 01111110 7E = Universal Non-Real Time 0xxxnnnn XN = When N is received N=0-F, whichever is received. X=ignored 00001001 09 = Sub-ID #1 = General MIDI Message 00000001 01 = Sub-ID #2 = General MIDI On 11110111 F7 = End of Exclusive",○,—,○ (Available only for Song parts and Extra parts),○ (Available only for Song parts and Extra parts),○ (Available only for Song parts and Extra parts),○ (Available only for Song parts and Extra parts),○ (Available only for Song parts and Extra parts),○,○,○,○,○,×,○
71,1,System Exclusive Messages (Universal Non-Real Time Messages),GM2 System On [GM2],F0 7E XN 09 03 F7,○,—,○ (Available only for Song parts and Extra parts),○ (Available only for Song parts and Extra parts),○ (Available only for Song parts and Extra parts),○ (Available only for Song parts and Extra parts),○ (Available only for Song parts and Extra parts),○,○,○,○,○,×,×
71,1,System Exclusive Messages (Universal Non-Real Time Messages),GM2 System On [GM2],"11110000 F0 = Exclusive status 01111110 7E = Universal Non-Real Time 0xxxnnnn XN = When N is received N=0-F, whichever is received. X=ignored 00001001 09 = Sub-ID #1 = General MIDI Message 00000011 03 = Sub-ID #2 = General MIDI2 On 11110111 F7 = End of Exclusive",○,—,○ (Available only for Song parts and Extra parts),○ (Available only for Song parts and Extra parts),○ (Available only for Song parts and Extra parts),○ (Available only for Song parts and Extra parts),○ (Available only for Song parts and Extra parts),○,○,○,○,○,×,×
71,1,System Exclusive Messages (Universal Non-Real Time Messages),General MIDI System Off [GM1] [GM2],F0 7E XN 09 02 F7,○,—,○ (Available only for Song parts and Extra parts),○ (Available only for Song parts and Extra parts),○ (Available only for Song parts and Extra parts),○ (Available only for Song parts and Extra parts),○ (Available only for Song parts and Extra parts),○,○,○,○,○,×,×
71,1,System Exclusive Messages (Universal Non-Real Time Messages),General MIDI System Off [GM1] [GM2],"11110000 F0 = Exclusive status 01111110 7E = Universal Non-Real Time 0xxxnnnn XN = When N is received N=0-F, whichever is received. X=ignored 00001001 09 = Sub-ID #1 = General MIDI Message 00000010 02 = Sub-ID #2 = General MIDI Off 11110111 F7 = End of Exclusive",○,—,○ (Available only for Song parts and Extra parts),○ (Available only for Song parts and Extra parts),○ (Available only for Song parts and Extra parts),○ (Available only for Song parts and Extra parts),○ (Available only for Song parts and Extra parts),○,○,○,○,○,×,×
71,1,System Exclusive Messages (Universal Non-Real Time Messages),Scale/Octave Tuning [GM2],F0 7E XN 08 08 JJ GG MM SS … F7,○,×,○ (Available only for Song parts),○ (Available only for Song parts),○ (Available only for Song parts),○ (Available only for Song parts),○ (Available only for Song parts),○,○,○,○,○,×,×
71,1,System Exclusive Messages (Universal Non-Real Time Messages),Scale/Octave Tuning [GM2],"11110000 F0 = Exclusive status 01111110 7E = Universal Non-Real Time 0xxxnnnn XN = When N is received N=0-F, whichever is received. X=ignored 00001000 08 = Sub-ID #1= MIDI Tuning Standard 00001000 08 = Sub-ID #2= scale/octave tuning 1byte form 0jjjjjjj JJ = Channel/option byte1 bits 0 to 1 = channel 15 to 16 bits 2 to 6 = reserved 0ggggggg GG = Channel byte2 – bits 0 to 6 = channel 8 to 14 0mmmmmmm MM= Channel byte2 – bits 0 to 6 = channel 1 to 7 0sssssss SS = 12byte tuning offset of 12 semitones from C to B 00H means -64cent 40H means 0cent 7FH means +63cent … … 11110111 F7= End of Exclusive",○,×,○ (Available only for Song parts),○ (Available only for Song parts),○ (Available only for Song parts),○ (Available only for Song parts),○ (Available only for Song parts),○,○,○,○,○,×,×
72,1,System Exclusive Messages (Style),Section Control,F0 43 7E 00 ss dd F7,—,—,○,○,○,○,○,●,●,●,●,,,
72,1,System Exclusive Messages (Style),Section Control,11110000 F0 = Exclusive status 01000011 43 = YAMAHA ID 01111110 7E = Style 00000000 00 = 0sssssss ss = Switch No. 00H INTRO 1 01H INTRO 2 02H INTRO 3 03H INTRO 4 08H MAIN A 09H MAIN B 0AH MAIN C 0BH MAIN D 10H FILL IN AA 11H FILL IN BB 12H FILL IN CC 13H FILL IN DD 18H BREAK FILL 20H ENDING 1 21H ENDING 2 22H ENDING 3 23H ENDING 4 0ddddddd dd = Switch On/Off 00H (Off) 7FH (On) 11110111 F7 = End of Exclusive,—,—,○,○,○,○,○,●,●,●,●,,,
72,1,System Exclusive Messages (Style),Tempo Control,F0 43 7E 01 t4 t3 t2 t1 F7,—,—,○,○,○,○,○,●,●,●,●,,,
72,1,System Exclusive Messages (Style),Tempo Control,11110000 F0 = Exclusive status 01000011 43 = YAMAHA ID 01111110 7E = Style 00000001 01 = 0ttttttt t4 = tempo4 0ttttttt t3 = tempo3 0ttttttt t2 = tempo2 0ttttttt t1 = tempo1 11110111,—,—,○,○,○,○,○,●,●,●,●,,,
72,1,System Exclusive Messages (Style),Chord Control,F0 43 7E tt d1 d2 d3 d4 F7,—,—,○,○,○,○,○,●,●,●,●,,,
72,1,System Exclusive Messages (Style),Chord Control,"Type1 (tt=02) 11110000 F0 = Exclusive status 01000011 43 = YAMAHA ID 01111110 7E = Style 00000010 02 = type 1 0ddddddd d1 = chord root (cr) 0ddddddd d2 = chord type (ct) 0ddddddd d3 = bass note (bn) 0ddddddd d4 = bass type (bt) 11110111 F7 = End of Exclusive cr: Chord Root 0fffnnnn fff: b or #, nnnn: note (root) 0000nnnn 0n bbb 0fff0000 x0 reserved 0001nnnn 1n bb 0fff0001 x1 C 0010nnnn 2n b 0fff0010 x2 D 0011nnnn 3n natural 0fff0011 x3 E 0100nnnn 4n # 0fff0100 x4 F 0101nnnn 5n ## 0fff0101 x5 G 0110nnnn 6n ### 0fff0110 x6 A 0fff0111 x7 B ct: Chord Type 0-34, 127 00000000 00 0 Maj 00010010 12 18 dim7 00000001 01 1 Maj6 00010011 13 19 7th 00000010 02 2 Maj7 00010100 14 20 7sus4 00000011 03 3 Maj7(#11) 00010101 15 21 7b5 00000100 04 4 Maj(9) 00010110 16 22 7(9) 00000101 05 5 Maj7(9) 00010111 17 23 7(#11) 00000110 06 6 Maj6(9) 00011000 18 24 7(13) 00000111 07 7 aug 00011001 19 25 7(b9) 00001000 08 8 min 00011010 1A 26 7(b13) 00001001 09 9 min6 00011011 1B 27 7(#9) 00001010 0A 10 min7 00011100 1C 28 Maj7aug 00001011 0B 11 min7b5 00011101 1D 29 7aug 00001100 0C 12 min(9) 00011110 1E 30 1+8 00001101 0D 13 min7(9) 00011111 1F 31 1+5 00001110 0E 14 min7(11) 00100000 20 32 sus4 00001111 0F 15 minMaj7 00100001 21 33 1+2+5 00010000 10 16 minMaj7(9) 00100010 22 34 cc 00010001 11 17 dim bn: On Bass Note Same as Chord root 127: No bass chord bt: Bass Chord Same as Chord type 127: No bass chord * Not received when the MIDI setting “Chord System Exclusive Message - Receive” is set to off. * Not transmitted when the MIDI setting “Chord System Exclusive Message - Transmit” is set to off.",—,—,○,○,○,○,○,●,●,●,●,,,
72,1,System Exclusive Messages (Style),Chord Control,Type2 (tt=03) 11110000 F0 = Exclusive status 01000011 43 = YAMAHA ID 01111110 7E = Style 00000011 03 = type 2 0ddddddd dd = note1 0ddddddd dd = note2 0ddddddd dd = note3 : : 0ddddddd dd = note10 11110111 F7 = End of Exclusive,—,—,○,○,○,○,○,×,×,×,×,,,
73,1,System Exclusive Messages (XG),XG Parameter Changes,F0 43 1n 4C hh mm ll dd … F7,○ (*1),○ (*1),○ (*1),○ (*1),○ (*1),○ (*1),○ (*1),○ (*1),○ (*1),○ (*1),○ (*1),,,
73,1,System Exclusive Messages (XG),XG Parameter Changes,"11110000 F0 = Exclusive status 01000011 43 = YAMAHA ID 0001nnnn 1n = Device Number n=always 0 (when transmit), n=0-F (when receive) 01001100 4C = Model ID 0hhhhhhh hh = Address High 0mmmmmmm mm= Address Mid 0lllllll ll = Address Low 0ddddddd dd = Data : : 11110111 F7 = End of Exclusive",○ (*1),○ (*1),○ (*1),○ (*1),○ (*1),○ (*1),○ (*1),○ (*1),○ (*1),○ (*1),○ (*1),,,
73,1,System Exclusive Messages (XG),XG Bulk Dump,F0 43 0n 4C aa bb hh mm ll dd … dd cc F7,○ (*1),○ (*1),○ (*1),○ (*1),○ (*1),○ (*1),○ (*1),○ (*1),○ (*1),○ (*1),○ (*1),,,
73,1,System Exclusive Messages (XG),XG Bulk Dump,"11110000 F0 = Exclusive status 01000011 43 = YAMAHA ID 0000nnnn 0n = Device Number n=always 0 (when transmit), n=0-F (when receive) 01001100 4C = Model ID 0aaaaaaa aa = Byte Count MSB 0bbbbbbb bb = Byte Count LSB 0hhhhhhh hh = Address High 0mmmmmmm mm= Address Mid 0lllllll ll = Address Low 0ddddddd dd = Data : : 0ddddddd dd = Data 0ccccccc cc = Checksum 11110111 F7 = End of Exclusive",○ (*1),○ (*1),○ (*1),○ (*1),○ (*1),○ (*1),○ (*1),○ (*1),○ (*1),○ (*1),○ (*1),,,
73,1,System Exclusive Messages (XG),XG Parameter Request,F0 43 3n 4C hh mm ll F7,—,—,○ (*1),○ (*1),○ (*1),○ (*1),○ (*1),○ (*1),○ (*1),○ (*1),○ (*1),,,
73,1,System Exclusive Messages (XG),XG Parameter Request,"11110000 F0 = Exclusive status 01000011 43 = YAMAHA ID 0011nnnn 3n = Device Number n=always 0 (when transmit), n=0-F (when receive) 01001100 4C = Model ID 0hhhhhhh hh = Address High 0mmmmmmm mm= Address Mid 0lllllll ll = Address Low 11110111 F7 = End of Exclusive",—,—,○ (*1),○ (*1),○ (*1),○ (*1),○ (*1),○ (*1),○ (*1),○ (*1),○ (*1),,,
73,1,System Exclusive Messages (XG),XG Dump Request,F0 43 2n 4C hh mm ll F7,—,—,○ (*1),○ (*1),○ (*1),○ (*1),○ (*1),○ (*1),○ (*1),○ (*1),○ (*1),,,
73,1,System Exclusive Messages (XG),XG Dump Request,"11110000 F0 = Exclusive status 01000011 43 = YAMAHA ID 0010nnnn 2n = Device Number n=always 0 (when transmit), n=0-F (when receive) 01001100 4C = Model ID 0hhhhhhh hh = Address High 0mmmmmmm mm= Address Mid 0lllllll ll = Address Low 11110111 F7 = End of Exclusive",—,—,○ (*1),○ (*1),○ (*1),○ (*1),○ (*1),○ (*1),○ (*1),○ (*1),○ (*1),,,
74,1,System Exclusive Messages (Scale Tuning),Scale Tuning,F0 43 73 01 52 2F 02 cc 40 d1 d2 … d12 F7,—,—,○,○,○,○,○,×,×,×,×,,,
74,1,System Exclusive Messages (Scale Tuning),Scale Tuning,"11110000 F0 = Exclusive status 01000011 43 = YAMAHA ID 01110011 73 = Clavinova ID 00000001 01 = Model ID (Clavinova Common ID) 01010010 52 = PK/CL common variable length data 00101111 2F = Scale Tuning 00000010 02 = 0ccccccc cc = Type (00H: Main, 01H: Sub) 01000000 40 = Scale tuning All 0ddddddd d1 = Scale tuning C 0ddddddd d2 = Scale tuning C# : : 0ddddddd d12= Scale tuning B 11110111 F7 = End of Exclusive Parameters (d1-d12) Range Description ----------------------------------------------------------------- d1 = SCALE TUNING C 00-7FH -64...0...+63 (cent) d2 = SCALE TUNING C# 00-7FH -64...0...+63 (cent) d3 = SCALE TUNING D 00-7FH -64...0...+63 (cent) d4 = SCALE TUNING D# 00-7FH -64...0...+63 (cent) d5 = SCALE TUNING E 00-7FH -64...0...+63 (cent) d6 = SCALE TUNING F 00-7FH -64...0...+63 (cent) d7 = SCALE TUNING F# 00-7FH -64...0...+63 (cent) d8 = SCALE TUNING G 00-7FH -64...0...+63 (cent) d9 = SCALE TUNING G# 00-7FH -64...0...+63 (cent) d10 = SCALE TUNING A 00-7FH -64...0...+63 (cent) d11 = SCALE TUNING A# 00-7FH -64...0...+63 (cent) d12 = SCALE TUNING B 00-7FH -64...0...+63 (cent)",—,—,○,○,○,○,○,×,×,×,×,,,
74,1,System Exclusive Messages (Scale Tuning),Scale Tuning Part,F0 43 73 01 52 2F 02 cc pp dd F7,—,—,○,○,○,○,○,×,×,×,×,,,
74,1,System Exclusive Messages (Scale Tuning),Scale Tuning Part,"11110000 F0 = Exclusive status 01000011 43 = YAMAHA ID 01110011 73 = Clavinova ID 00000001 01 = Model ID (Clavinova Common ID) 01010010 52 = PK/CL common variable length data 00101111 2F = Scale Tuning 00000010 02 = 0ccccccc cc = Type (00H: Main, 01H: Sub) 0ddddddd pp = Parameter ID 0ddddddd dd = Data 11110111 F7 = End of Exclusive Parameters ID (pp) Data (dd) ------------------------------------------------------------ 4FH LEFT PART 00H: Off, 7FH: On 50H STYLE PART 00H: Off, 7FH: On 52H MAIN PART 00H: Off, 7FH: On 53H LAYER PART 00H: Off, 7FH: On",—,—,○,○,○,○,○,×,×,×,×,,,
74,1,System Exclusive Messages (Scale Tuning),Scale Tuning Base Note,F0 43 73 01 52 2F 02 00 4D d1 d2 F7,—,—,○,○,○,○,○,×,×,×,×,,,
74,1,System Exclusive Messages (Scale Tuning),Scale Tuning Base Note,"11110000 F0 = Exclusive status 01000011 43 = YAMAHA ID 01110011 73 = Clavinova ID 00000001 01 = Model ID (Clavinova Common ID) 01010010 52 = PK/CL common variable length data 00101111 2F = Scale Tuning 00000010 02 = 00000000 00 = 01001011 4D = Base Note ID 0ddddddd d1 = Base Note 00H (""C""), 01H (C#) … 0BH (""B"") 0ddddddd d2 = Base Note Mode 00H: Change the Base Note only. 7FH: Change the Base Note and the Scale Tune setting of each note, so that the relative position of the Base Note and each note is maintained. 11110111 F7 = End of Exclusive",—,—,○,○,○,○,○,×,×,×,×,,,
75,1,System Exclusive Messages (Scale Tuning),Internal Clock,F0 43 73 01 02 F7,—,—,○,○,○,○,○,×,×,×,×,,,
75,1,System Exclusive Messages (Scale Tuning),Internal Clock,00000001 01 = Model ID (Clavinova common ID) 00000010 02 = Internal Clock Substatus,—,—,○,○,○,○,○,×,×,×,×,,,
75,1,System Exclusive Messages (Scale Tuning),External Clock,F0 43 73 01 03 F7,—,—,○,○,○,○,○,×,×,×,×,,,
75,1,System Exclusive Messages (Scale Tuning),External Clock,00000001 01 = Model ID (Clavinova common ID) 00000011 03 = External Clock Substatus,—,—,○,○,○,○,○,×,×,×,×,,,
75,1,System Exclusive Messages (Scale Tuning),Display open/close,F0 43 73 01 51 00 00 02 05 A1 A2 A3 A4 dd F7,×,×,×,×,×,×,×,×,×,×,×,,,
75,1,System Exclusive Messages (Scale Tuning),Display open/close,00000001 01 = Model ID (Clavinova common ID) 01010001 51 = PK/CL common variable length data 00000000 00 = 00000000 00 = Panel 00000001 02 = Display open/close 00000011 05 = Size A1 = Display address 1 A2 = Display address 2 A3 = Display address 3 A4 = Display address 4 dd = 00 -> Display is opened at the time of starting and closed at the time of stopping. * This message is effective only for playback from an internal sequencer. Display address Score display Lyrics display A1 00H 00H A2 00H 00H A3 00H 01H A4 00H 00H,×,×,×,×,×,×,×,×,×,×,×,,,
75,1,System Exclusive Messages (Scale Tuning),MIDI Master Tuning,F0 43 1n 27 30 00 00 0m 0l cc F7,○,○,○,○,○,○,○,×,×,×,×,,,
75,1,System Exclusive Messages (Scale Tuning),MIDI Master Tuning,"11110000 F0 = Exclusive status 01000011 43 = YAMAHA ID 0001nnnn 1n n= always 0 (when transmit), n=0-F (when receive) 00100111 27 = Model ID of TG100 00110000 30 = Address High 00000000 00 = Address Mid 00000000 00 = Address Low 0000mmmm 0m = Master Tune MSB 0000llll 0l = Master Tune LSB 0ccccccc cc = don’t care 11110111 F7 = End of Exclusive",○,○,○,○,○,○,○,×,×,×,×,,,
75,1,System Exclusive Messages (Scale Tuning),Guide ON,F0 43 73 01 1F 00 cc dd F7,—,—,○,○,○,○,○,×,×,×,×,,,
75,1,System Exclusive Messages (Scale Tuning),Guide ON,"00000001 01 = Model ID (Clavinova common ID) 00011111 1F = Guide On Substatus 00000000 00 = 0ccccccc cc = Part Select Number (1/Right, 2/Left) cc 1/Right 2/Left 00 On On 01 Off On 02 On Off 03 Off Off 0ddddddd dd = Mode 00: Off, 01: Follow Lights, 02: Any Key, 03: Karao Key, 04: Vocal Cue Time, 06=YourTempo 11110111 F7 = End of Exclusive",—,—,○,○,○,○,○,×,×,×,×,,,
75,1,System Exclusive Messages (Scale Tuning),Audio Song Control,F0 43 73 01 50 19 00 00 dd F7,×,×,○,○,○,○,○,×,×,○,×,,,
75,1,System Exclusive Messages (Scale Tuning),Audio Song Control,"11110000 F0 = Exclusive status 01000011 43 = YAMAHA ID 01110011 73 = Clavinova ID 00000001 01 = Model ID (Clavinova common ID) 01010000 50 = Sub ID 00011001 19 = Sub ID (Audio Song Control) 00000000 00 = Sub ID 00000000 00 = Sub ID (Start/Stop Control) 0ddddddd dd = Data dd=00H: Start, 01H: Stop, 02H: Pause 11110111 F7 = End of Exclusive",×,×,○,○,○,○,○,×,×,○,×,,,
75,2,System Exclusive Messages (Scale Tuning),,Display address,,,,,,,,,,,,,,
75,2,System Exclusive Messages (Scale Tuning),,A1,,,,,,,,,,,,,,
75,2,System Exclusive Messages (Scale Tuning),,A2,,,,,,,,,,,,,,
75,2,System Exclusive Messages (Scale Tuning),,A3,,,,,,,,,,,,,,
75,2,System Exclusive Messages (Scale Tuning),,A4,,,,,,,,,,,,,,
75,3,System Exclusive Messages (Scale Tuning),,2/Left,,,,,,,,,,,,,,
75,3,System Exclusive Messages (Scale Tuning),,On,,,,,,,,,,,,,,
75,3,System Exclusive Messages (Scale Tuning),,On,,,,,,,,,,,,,,
75,3,System Exclusive Messages (Scale Tuning),,Off,,,,,,,,,,,,,,
75,3,System Exclusive Messages (Scale Tuning),,Off,,,,,,,,,,,,,,
