dl_page,table,decimal,hexadecimal,binary
57,1,0,00,0000 0000
57,1,32,20,0010 0000
57,1,64,40,0100 0000
57,1,96,60,0110 0000
57,1,1,01,0000 0001
57,1,33,21,0010 0001
57,1,65,41,0100 0001
57,1,97,61,0110 0001
57,1,2,02,0000 0010
57,1,34,22,0010 0010
57,1,66,42,0100 0010
57,1,98,62,0110 0010
57,1,3,03,0000 0011
57,1,35,23,0010 0011
57,1,67,43,0100 0011
57,1,99,63,0110 0011
57,1,4,04,0000 0100
57,1,36,24,0010 0100
57,1,68,44,0100 0100
57,1,100,64,0110 0100
57,1,5,05,0000 0101
57,1,37,25,0010 0101
57,1,69,45,0100 0101
57,1,101,65,0110 0101
57,1,6,06,0000 0110
57,1,38,26,0010 0110
57,1,70,46,0100 0110
57,1,102,66,0110 0110
57,1,7,07,0000 0111
57,1,39,27,0010 0111
57,1,71,47,0100 0111
57,1,103,67,0110 0111
57,1,8,08,0000 1000
57,1,40,28,0010 1000
57,1,72,48,0100 1000
57,1,104,68,0110 1000
57,1,9,09,0000 1001
57,1,41,29,0010 1001
57,1,73,49,0100 1001
57,1,105,69,0110 1001
57,1,10,0A,0000 1010
57,1,42,2A,0010 1010
57,1,74,4A,0100 1010
57,1,106,6A,0110 1010
57,1,11,0B,0000 1011
57,1,43,2B,0010 1011
57,1,75,4B,0100 1011
57,1,107,6B,0110 1011
57,1,12,0C,0000 1100
57,1,44,2C,0010 1100
57,1,76,4C,0100 1100
57,1,108,6C,0110 1100
57,1,13,0D,0000 1101
57,1,45,2D,0010 1101
57,1,77,4D,0100 1101
57,1,109,6D,0110 1101
57,1,14,0E,0000 1110
57,1,46,2E,0010 1110
57,1,78,4E,0100 1110
57,1,110,6E,0110 1110
57,1,15,0F,0000 1111
57,1,47,2F,0010 1111
57,1,79,4F,0100 1111
57,1,111,6F,0110 1111
57,1,16,10,0001 0000
57,1,48,30,0011 0000
57,1,80,50,0101 0000
57,1,112,70,0111 0000
57,1,17,11,0001 0001
57,1,49,31,0011 0001
57,1,81,51,0101 0001
57,1,113,71,0111 0001
57,1,18,12,0001 0010
57,1,50,32,0011 0010
57,1,82,52,0101 0010
57,1,114,72,0111 0010
57,1,19,13,0001 0011
57,1,51,33,0011 0011
57,1,83,53,0101 0011
57,1,115,73,0111 0011
57,1,20,14,0001 0100
57,1,52,34,0011 0100
57,1,84,54,0101 0100
57,1,116,74,0111 0100
57,1,21,15,0001 0101
57,1,53,35,0011 0101
57,1,85,55,0101 0101
57,1,117,75,0111 0101
57,1,22,16,0001 0110
57,1,54,36,0011 0110
57,1,86,56,0101 0110
57,1,118,76,0111 0110
57,1,23,17,0001 0111
57,1,55,37,0011 0111
57,1,87,57,0101 0111
57,1,119,77,0111 0111
57,1,24,18,0001 1000
57,1,56,38,0011 1000
57,1,88,58,0101 1000
57,1,120,78,0111 1000
57,1,25,19,0001 1001
57,1,57,39,0011 1001
57,1,89,59,0101 1001
57,1,121,79,0111 1001
57,1,26,1A,0001 1010
57,1,58,3A,0011 1010
57,1,90,5A,0101 1010
57,1,122,7A,0111 1010
57,1,27,1B,0001 1011
57,1,59,3B,0011 1011
57,1,91,5B,0101 1011
57,1,123,7B,0111 1011
57,1,28,1C,0001 1100
57,1,60,3C,0011 1100
57,1,92,5C,0101 1100
57,1,124,7C,0111 1100
57,1,29,1D,0001 1101
57,1,61,3D,0011 1101
57,1,93,5D,0101 1101
57,1,125,7D,0111 1101
57,1,30,1E,0001 1110
57,1,62,3E,0011 1110
57,1,94,5E,0101 1110
57,1,126,7E,0111 1110
57,1,31,1F,0001 1111
57,1,63,3F,0011 1111
57,1,95,5F,0101 1111
57,1,127,7F,0111 1111
