dl_page,table,group,subgroup,parameter,backup_restore,setup_files_system_setup,setup_files_midi_setup,setup_files_user_effect,voice_set,voice_set_filter_group,midi_song_file,song_creator_setup_group,style_file,style_ots,registration_memory,registration_memory_freeze_group,parameter_lock_group,note
47,1,Panel SW,Style Control,ACMP On/Off,○,×,×,×,×,–,×,–,×,○ (On),○,Style,–,
47,1,Panel SW,Style Control,Section,○,×,×,×,×,–,×,–,×,×,○,Style,–,
47,1,Panel SW,Style Control,Synchro Start,○,×,×,×,×,–,×,–,×,○ (On),○,Style,–,
47,1,Panel SW,Style Control,SIMPLE On/Off,○,×,×,×,×,–,×,–,×,×,○,Style,–,
47,1,Panel SW,Part On/Off,Part On/Off – Left,○,×,×,×,×,–,○,Keyboard Voice,×,○,○,Style,–,
47,1,Panel SW,Part On/Off,Part On/Off – Main,○,×,×,×,×,–,○,Keyboard Voice,×,○,○,Voice,–,
47,1,Panel SW,Part On/Off,Part On/Off – Layer,○,×,×,×,×,–,○,Keyboard Voice,×,○,○,Voice,–,
47,1,Voice Control,,DSP On/Off – Left,○,×,×,×,○,Effect,○,Keyboard Voice,×,○,○,Style,–,
47,1,Voice Control,,DSP On/Off – Main,○,×,×,×,○,Effect,○,Keyboard Voice,×,○,○,Voice,–,
47,1,Voice Control,,DSP On/Off – Layer,○,×,×,×,○,Effect,○,Keyboard Voice,×,○,○,Voice,–,
47,1,Voice Control,,Mono/Poly – Left,○,×,×,×,○,Voice,○,Keyboard Voice,×,○,○,Style,–,
47,1,Voice Control,,Mono/Poly – Main,○,×,×,×,○,Voice,○,Keyboard Voice,×,○,○,Voice,–,
47,1,Voice Control,,Mono/Poly – Layer,○,×,×,×,○,Voice,○,Keyboard Voice,×,○,○,Voice,–,
47,1,Voice Control,,Keyboard Harmony On/Off,○,×,×,×,×,–,○,Keyboard Voice,×,○,○,Keyboard Harmony,–,
47,1,Voice Control,,Left Hold On/Off,○,×,×,×,×,–,○,Keyboard Voice,×,○,○,Style,–,
47,1,Voice Selection display,,Voice – Left,○,×,×,×,○,–,○,Keyboard Voice,×,○,○,Style,–,
47,1,Voice Selection display,,Voice – Main,○,×,×,×,○,–,○,Keyboard Voice,×,○,○,Voice,–,
47,1,Voice Selection display,,Voice – Layer,○,×,×,×,○,–,○,Keyboard Voice,×,○,○,Voice,–,
47,1,Voice Selection display,Common,Volume,○,×,×,×,○,Voice,○,Keyboard Voice,×,○,○,Style,–,
47,1,Voice Selection display,Common,Touch Sense Depth,○,×,×,×,○,Voice,○,Keyboard Voice,×,○,○,Style,–,
47,1,Voice Selection display,Common,Touch Sense Offset,○,×,×,×,○,Voice,○,Keyboard Voice,×,○,○,Style,–,
47,1,Voice Selection display,Common,Part Octave,○,×,×,×,○,Voice,○,Keyboard Voice,×,○,○,Style,–,
47,1,Voice Selection display,Common,Mono/Poly,○,×,×,×,○,Voice,○,Keyboard Voice,×,○,○,Style,–,
47,1,Voice Selection display,Common,Mono Type,○,×,×,×,○,Voice,○,Keyboard Voice,×,○,○,Style,–,
47,1,Voice Selection display,Common,Portamento Time,○,×,×,×,○,Voice,○,Keyboard Voice,×,○,○,Style,–,
47,1,Voice Selection display,Common,Portamento Time Type,○,×,×,×,○,Voice,○,Keyboard Voice,×,○,○,Style,–,
47,1,Voice Selection display,Controller,Modulation – Filter,○,×,×,×,○,Voice,○,Keyboard Voice,×,○,○,Style,–,
47,1,Voice Selection display,Controller,Modulation – Amplitude,○,×,×,×,○,Voice,○,Keyboard Voice,×,○,○,Style,–,
47,1,Voice Selection display,Controller,Modulation – LFO Pitch,○,×,×,×,○,Voice,○,Keyboard Voice,×,○,○,Style,–,
47,1,Voice Selection display,Controller,Modulation – LFO Filter,○,×,×,×,○,Voice,○,Keyboard Voice,×,○,○,Style,–,
47,1,Voice Selection display,Controller,Modulation – LFO Amplitude,○,×,×,×,○,Voice,○,Keyboard Voice,×,○,○,Style,–,
47,1,Voice Selection display,Sound,Filter – Brightness,○,×,×,×,○,Voice,○,Keyboard Voice,×,○,○,Style,–,
47,1,Voice Selection display,Sound,Filter – Harmonic Content,○,×,×,×,○,Voice,○,Keyboard Voice,×,○,○,Style,–,
47,1,Voice Selection display,Sound,EG – Attack,○,×,×,×,○,Voice,○,Keyboard Voice,×,○,○,Style,–,
47,1,Voice Selection display,Sound,EG – Decay,○,×,×,×,○,Voice,○,Keyboard Voice,×,○,○,Style,–,
47,1,Voice Selection display,Sound,EG – Release,○,×,×,×,○,Voice,○,Keyboard Voice,×,○,○,Style,–,
47,1,Voice Selection display,Sound,Vibrato – Depth,○,×,×,×,○,Voice,○,Keyboard Voice,×,○,○,Style,–,
47,1,Voice Selection display,Sound,Vibrato – Speed,○,×,×,×,○,Voice,○,Keyboard Voice,×,○,○,Style,–,
47,1,Voice Selection display,Sound,Vibrato – Delay,○,×,×,×,○,Voice,○,Keyboard Voice,×,○,○,Style,–,
47,1,Voice Selection display,Effect/EQ,Reverb Depth,○,×,×,×,○,Effect,○,Keyboard Voice,×,○,○,Style,–,
47,1,Voice Selection display,Effect/EQ,Chorus Depth,○,×,×,×,○,Effect,○,Keyboard Voice,×,○,○,Style,–,
47,1,Voice Selection display,Effect/EQ,DSP On/Off,○,×,×,×,○,Effect,○,Keyboard Voice,×,○,○,Style,–,
47,1,Voice Selection display,Effect/EQ,DSP Depth,○,×,×,×,○,Effect,○,Keyboard Voice,×,○,○,Style,–,
47,1,Voice Selection display,Effect/EQ,Vibe Rotor,○,×,×,×,○,Effect,○,Keyboard Voice,×,○,○,Style,–,
47,1,Voice Selection display,Effect/EQ,DSP Type,○,×,×,×,○,Effect,○,Keyboard Voice,×,○,○,Style,–,
47,1,Voice Selection display,Effect/EQ,High Frequency,○,×,×,×,○,EQ,○,Keyboard Voice,×,○,○,Style,–,
47,1,Voice Selection display,Effect/EQ,High Gain,○,×,×,×,○,EQ,○,Keyboard Voice,×,○,○,Style,–,
47,1,Voice Selection display,Effect/EQ,Low Frequency,○,×,×,×,○,EQ,○,Keyboard Voice,×,○,○,Style,–,
47,1,Voice Selection display,Effect/EQ,Low Gain,○,×,×,×,○,EQ,○,Keyboard Voice,×,○,○,Style,–,
48,1,Voice Selection display,Common,Volume,○,×,×,×,○,Voice,○,Keyboard Voice,×,○,○,Voice,–,
48,1,Voice Selection display,Common,Touch Sense Depth,○,×,×,×,○,Voice,○,Keyboard Voice,×,○,○,Voice,–,
48,1,Voice Selection display,Common,Touch Sense Offset,○,×,×,×,○,Voice,○,Keyboard Voice,×,○,○,Voice,–,
48,1,Voice Selection display,Common,Part Octave,○,×,×,×,○,Voice,○,Keyboard Voice,×,○,○,Voice,–,
48,1,Voice Selection display,Common,Mono/Poly,○,×,×,×,○,Voice,○,Keyboard Voice,×,○,○,Voice,–,
48,1,Voice Selection display,Common,Mono Type,○,×,×,×,○,Voice,○,Keyboard Voice,×,○,○,Voice,–,
48,1,Voice Selection display,Common,Portamento Time,○,×,×,×,○,Voice,○,Keyboard Voice,×,○,○,Voice,–,
48,1,Voice Selection display,Common,Portamento Time Type,○,×,×,×,○,Voice,○,Keyboard Voice,×,○,○,Voice,–,
48,1,Voice Selection display,Controller,Center Pedal – Function,○,×,×,×,○,Pedal,○,Keyboard Voice,×,○,○,Pedal,–,
48,1,Voice Selection display,Controller,Center Pedal – Function – Detail Setting,○,×,×,×,○,Pedal,○,Keyboard Voice,×,○,○,Pedal,–,
48,1,Voice Selection display,Controller,Left Pedal – Function,○,×,×,×,○,Pedal,○,Keyboard Voice,×,○,○,Pedal,–,
48,1,Voice Selection display,Controller,Left Pedal – Function – Detail Setting,○,×,×,×,○,Pedal,○,Keyboard Voice,×,○,○,Pedal,–,
48,1,Voice Selection display,Controller,Modulation – Filter,○,×,×,×,○,Voice,○,Keyboard Voice,×,○,○,Voice,–,
48,1,Voice Selection display,Controller,Modulation – Amplitude,○,×,×,×,○,Voice,○,Keyboard Voice,×,○,○,Voice,–,
48,1,Voice Selection display,Controller,Modulation – LFO Pitch,○,×,×,×,○,Voice,○,Keyboard Voice,×,○,○,Voice,–,
48,1,Voice Selection display,Controller,Modulation – LFO Filter,○,×,×,×,○,Voice,○,Keyboard Voice,×,○,○,Voice,–,
48,1,Voice Selection display,Controller,Modulation – LFO Amplitude,○,×,×,×,○,Voice,○,Keyboard Voice,×,○,○,Voice,–,
48,1,Voice Selection display,Sound,Filter – Brightness,○,×,×,×,○,Voice,○,Keyboard Voice,×,○,○,Voice,–,
48,1,Voice Selection display,Sound,Filter – Harmonic Content,○,×,×,×,○,Voice,○,Keyboard Voice,×,○,○,Voice,–,
48,1,Voice Selection display,Sound,EG – Attack,○,×,×,×,○,Voice,○,Keyboard Voice,×,○,○,Voice,–,
48,1,Voice Selection display,Sound,EG – Decay,○,×,×,×,○,Voice,○,Keyboard Voice,×,○,○,Voice,–,
48,1,Voice Selection display,Sound,EG – Release,○,×,×,×,○,Voice,○,Keyboard Voice,×,○,○,Voice,–,
48,1,Voice Selection display,Sound,Vibrato – Depth,○,×,×,×,○,Voice,○,Keyboard Voice,×,○,○,Voice,–,
48,1,Voice Selection display,Sound,Vibrato – Speed,○,×,×,×,○,Voice,○,Keyboard Voice,×,○,○,Voice,–,
48,1,Voice Selection display,Sound,Vibrato – Delay,○,×,×,×,○,Voice,○,Keyboard Voice,×,○,○,Voice,–,
48,1,Voice Selection display,Effect/EQ,Reverb Depth,○,×,×,×,○,Effect,○,Keyboard Voice,×,○,○,Voice,–,
48,1,Voice Selection display,Effect/EQ,Chorus Depth,○,×,×,×,○,Effect,○,Keyboard Voice,×,○,○,Voice,–,
48,1,Voice Selection display,Effect/EQ,DSP On/Off,○,×,×,×,○,Effect,○,Keyboard Voice,×,○,○,Voice,–,
48,1,Voice Selection display,Effect/EQ,DSP Depth,○,×,×,×,○,Effect,○,Keyboard Voice,×,○,○,Voice,–,
48,1,Voice Selection display,Effect/EQ,Vibe Rotor,○,×,×,×,○,Effect,○,Keyboard Voice,×,○,○,Voice,–,
48,1,Voice Selection display,Effect/EQ,DSP Type,○,×,×,×,○,Effect,○,Keyboard Voice,×,○,○,Voice,–,
48,1,Voice Selection display,Effect/EQ,High Frequency,○,×,×,×,○,EQ,○,Keyboard Voice,×,○,○,Voice,–,
48,1,Voice Selection display,Effect/EQ,High Gain,○,×,×,×,○,EQ,○,Keyboard Voice,×,○,○,Voice,–,
48,1,Voice Selection display,Effect/EQ,Low Frequency,○,×,×,×,○,EQ,○,Keyboard Voice,×,○,○,Voice,–,
48,1,Voice Selection display,Effect/EQ,Low Gain,○,×,×,×,○,EQ,○,Keyboard Voice,×,○,○,Voice,–,
48,1,Voice Selection display,Harmony,Type,○,×,×,×,○,Keyboard Harmony,○,Keyboard Voice,×,○,○,Keyboard Harmony,–,
48,1,Voice Selection display,Harmony,Volume,○,×,×,×,○,Keyboard Harmony,○,Keyboard Voice,×,○,○,Keyboard Harmony,–,
48,1,Voice Selection display,Harmony,Assign,○,×,×,×,○,Keyboard Harmony,○,Keyboard Voice,×,○,○,Keyboard Harmony,–,
48,1,Voice Selection display,Harmony,Speed,○,×,×,×,○,Keyboard Harmony,○,Keyboard Voice,×,○,○,Keyboard Harmony,–,
48,1,Voice Selection display,Harmony,Chord Note Only,○,×,×,×,○,Keyboard Harmony,○,Keyboard Voice,×,○,○,Keyboard Harmony,–,
48,1,Voice Selection display,Harmony,Minimum Velocity,○,×,×,×,○,Keyboard Harmony,○,Keyboard Voice,×,○,○,Keyboard Harmony,–,
48,1,Voice Selection display,Common,Volume,○,×,×,×,○,Voice,○,Keyboard Voice,×,○,○,Voice,–,
48,1,Voice Selection display,Common,Touch Sense Depth,○,×,×,×,○,Voice,○,Keyboard Voice,×,○,○,Voice,–,
48,1,Voice Selection display,Common,Touch Sense Offset,○,×,×,×,○,Voice,○,Keyboard Voice,×,○,○,Voice,–,
48,1,Voice Selection display,Common,Part Octave,○,×,×,×,○,Voice,○,Keyboard Voice,×,○,○,Voice,–,
48,1,Voice Selection display,Common,Mono/Poly,○,×,×,×,○,Voice,○,Keyboard Voice,×,○,○,Voice,–,
48,1,Voice Selection display,Common,Mono Type,○,×,×,×,○,Voice,○,Keyboard Voice,×,○,○,Voice,–,
48,1,Voice Selection display,Common,Portamento Time,○,×,×,×,○,Voice,○,Keyboard Voice,×,○,○,Voice,–,
48,1,Voice Selection display,Common,Portamento Time Type,○,×,×,×,○,Voice,○,Keyboard Voice,×,○,○,Voice,–,
49,1,Voice Selection display,Controller,Modulation – Filter,○,×,×,×,○,Voice,○,Keyboard Voice,×,○,○,Voice,–,
49,1,Voice Selection display,Controller,Modulation – Amplitude,○,×,×,×,○,Voice,○,Keyboard Voice,×,○,○,Voice,–,
49,1,Voice Selection display,Controller,Modulation – LFO Pitch,○,×,×,×,○,Voice,○,Keyboard Voice,×,○,○,Voice,–,
49,1,Voice Selection display,Controller,Modulation – LFO Filter,○,×,×,×,○,Voice,○,Keyboard Voice,×,○,○,Voice,–,
49,1,Voice Selection display,Controller,Modulation – LFO Amplitude,○,×,×,×,○,Voice,○,Keyboard Voice,×,○,○,Voice,–,
49,1,Voice Selection display,Sound,Filter – Brightness,○,×,×,×,○,Voice,○,Keyboard Voice,×,○,○,Voice,–,
49,1,Voice Selection display,Sound,Filter – Harmonic Content,○,×,×,×,○,Voice,○,Keyboard Voice,×,○,○,Voice,–,
49,1,Voice Selection display,Sound,EG – Attack,○,×,×,×,○,Voice,○,Keyboard Voice,×,○,○,Voice,–,
49,1,Voice Selection display,Sound,EG – Decay,○,×,×,×,○,Voice,○,Keyboard Voice,×,○,○,Voice,–,
49,1,Voice Selection display,Sound,EG – Release,○,×,×,×,○,Voice,○,Keyboard Voice,×,○,○,Voice,–,
49,1,Voice Selection display,Sound,Vibrato – Depth,○,×,×,×,○,Voice,○,Keyboard Voice,×,○,○,Voice,–,
49,1,Voice Selection display,Sound,Vibrato – Speed,○,×,×,×,○,Voice,○,Keyboard Voice,×,○,○,Voice,–,
49,1,Voice Selection display,Sound,Vibrato – Delay,○,×,×,×,○,Voice,○,Keyboard Voice,×,○,○,Voice,–,
49,1,Voice Selection display,Effect/EQ,Reverb Depth,○,×,×,×,○,Effect,○,Keyboard Voice,×,○,○,Voice,–,
49,1,Voice Selection display,Effect/EQ,Chorus Depth,○,×,×,×,○,Effect,○,Keyboard Voice,×,○,○,Voice,–,
49,1,Voice Selection display,Effect/EQ,DSP On/Off,○,×,×,×,○,Effect,○,Keyboard Voice,×,○,○,Voice,–,
49,1,Voice Selection display,Effect/EQ,DSP Depth,○,×,×,×,○,Effect,○,Keyboard Voice,×,○,○,Voice,–,
49,1,Voice Selection display,Effect/EQ,Vibe Rotor,○,×,×,×,○,Effect,○,Keyboard Voice,×,○,○,Voice,–,
49,1,Voice Selection display,Effect/EQ,DSP Type,○,×,×,×,○,Effect,○,Keyboard Voice,×,○,○,Voice,–,
49,1,Voice Selection display,Effect/EQ,High Frequency,○,×,×,×,○,EQ,○,Keyboard Voice,×,○,○,Voice,–,
49,1,Voice Selection display,Effect/EQ,High Gain,○,×,×,×,○,EQ,○,Keyboard Voice,×,○,○,Voice,–,
49,1,Voice Selection display,Effect/EQ,Low Frequency,○,×,×,×,○,EQ,○,Keyboard Voice,×,○,○,Voice,–,
49,1,Voice Selection display,Effect/EQ,Low Gain,○,×,×,×,○,EQ,○,Keyboard Voice,×,○,○,Voice,–,
49,1,Style Selection display,,Style File,○,×,×,×,×,–,×,–,×,×,○,Style,–,
49,1,Song Selection display,,MIDI Song File,○,×,×,×,×,–,×,–,×,×,○,MIDI Song,–,
49,1,Score/Lyrics/Text,,Viewer Mode – Score/Lyrics&Text,○,○,×,×,×,–,×,–,×,×,×,–,–,
49,1,Score/Lyrics/Text,,Viewer Mode – Lyrics/Text,○,○,×,×,×,–,×,–,×,×,×,–,–,
49,1,Score/Lyrics/Text,Score,Left On/Off,○,○,×,×,×,–,○,Score Setting,×,×,×,–,–,
49,1,Score/Lyrics/Text,Score,Right On/Off,○,○,×,×,×,–,○,Score Setting,×,×,×,–,–,
49,1,Score/Lyrics/Text,Score,Chord On/Off,○,○,×,×,×,–,○,Score Setting,×,×,×,–,–,
49,1,Score/Lyrics/Text,Score,Lyrics On/Off,○,○,×,×,×,–,○,Score Setting,×,×,×,–,–,
49,1,Score/Lyrics/Text,Score,Pedal On/Off,○,○,×,×,×,–,○,Score Setting,×,×,×,–,–,
49,1,Score/Lyrics/Text,Score,Note On/Off,○,○,×,×,×,–,○,Score Setting,×,×,×,–,–,
49,1,Score/Lyrics/Text,Score,Fingering On/Off,○,○,×,×,×,–,○,Score Setting,×,×,×,–,–,
49,1,Score/Lyrics/Text,Score,Size,○,○,×,×,×,–,○,Score Setting,×,×,×,–,–,
49,1,Score/Lyrics/Text,Score,Right Channel,○,○,×,×,×,–,○,Score Setting,×,×,×,–,–,
49,1,Score/Lyrics/Text,Score,Left Channel,○,○,×,×,×,–,○,Score Setting,×,×,×,–,–,
49,1,Score/Lyrics/Text,Score,Key Signature,○,×,×,×,×,–,○,Score Setting,×,×,×,–,–,
49,1,Score/Lyrics/Text,Score,Quantize,○,○,×,×,×,–,○,Score Setting,×,×,×,–,–,
49,1,Score/Lyrics/Text,Score,Note Name,○,○,×,×,×,–,○,Score Setting,×,×,×,–,–,
49,1,Score/Lyrics/Text,Score,Extra On/Off,○,×,×,×,×,–,×,–,×,×,○,MIDI Song,–,
49,1,Score/Lyrics/Text,Score,Left On/Off,○,×,×,×,×,–,○,Guide Setting,×,×,○,MIDI Song,–,
49,1,Score/Lyrics/Text,Score,Right On/Off,○,×,×,×,×,–,○,Guide Setting,×,×,○,MIDI Song,–,
49,1,Score/Lyrics/Text,Text,Text File,○,×,×,×,×,–,×,–,×,×,○,Text,–,
49,1,Score/Lyrics/Text,Text,Font,○,○,×,×,×,–,×,–,×,×,×,–,–,
49,1,USB Audio Player,,Audio Volume,○,○,×,×,×,–,×,–,×,×,○,Audio Song,–,
49,1,USB Audio Player,,Repeat Mode,○,○,×,×,×,–,×,–,×,×,×,–,–,
49,1,USB Audio Player,,Vocal Cancel,○,×,×,×,×,–,×,–,×,×,○,Audio Song,–,
49,1,USB Audio Player,,Time Stretch,○,×,×,×,×,–,×,–,×,×,○,Audio Song,–,
49,1,USB Audio Player,,Pitch Shift,○,×,×,×,×,–,×,–,×,×,○,Audio Song,–,
49,1,USB Audio Player,Audio Selection display,Audio Song File,○,×,×,×,×,–,×,–,×,×,○,Audio Song,–,
49,1,Registration Memory,,Registration Memory Item,○,○,×,×,×,–,×,–,×,×,×,–,–,
49,1,Registration Memory,,Memorized Registration Memory number,○,×,×,×,×,–,×,–,×,×,○,–,–,
50,1,Registration Bank Selection display,,Registration Bank File Name,○,×,×,×,×,–,×,–,×,×,×,–,–,
50,1,Playlist,,Playlist File,○,○,×,×,×,–,×,–,×,×,×,–,–,
50,1,Tempo,,Master Tempo,○,×,×,×,×,–,○,Tempo,○,×,○,Tempo,–,
50,1,Transpose,,Master,○,×,×,×,×,–,×,–,×,×,○,Transpose,–,
50,1,Transpose,,Keyboard,○,×,×,×,×,–,×,–,×,×,○,Transpose,–,
50,1,Transpose,,MIDI Song,○,×,×,×,×,–,×,–,×,×,○,Transpose,–,
50,1,Transpose,,Transpose Assign,○,○,×,×,×,–,×,–,×,×,×,–,–,
50,1,Mixer,Panel,Panpot – Style Offset,○,×,×,×,×,–,×,–,×,×,○,Style,–,
50,1,Mixer,Panel,Panpot – Left,○,×,×,×,×,–,○,Keyboard Voice,×,○,○,Style,–,
50,1,Mixer,Panel,Panpot – Main,○,×,×,×,×,–,○,Keyboard Voice,×,○,○,Voice,–,
50,1,Mixer,Panel,Panpot – Layer,○,×,×,×,×,–,○,Keyboard Voice,×,○,○,Voice,–,
50,1,Mixer,Panel,Panpot – MIDI Song Offset,×,×,×,×,×,–,×,–,×,×,×,–,–,
50,1,Mixer,Panel,Volume – Style Offset,○,×,×,×,×,–,×,–,×,×,○,Style,–,
50,1,Mixer,Panel,Volume – Left,○,×,×,×,×,–,○,Keyboard Voice,×,○,○,Style,–,
50,1,Mixer,Panel,Volume – Main,○,×,×,×,×,–,○,Keyboard Voice,×,○,○,Voice,–,
50,1,Mixer,Panel,Volume – Layer,○,×,×,×,×,–,○,Keyboard Voice,×,○,○,Voice,–,
50,1,Mixer,Panel,Volume – MIDI Song Offset,○,×,×,×,×,–,×,–,×,×,○,MIDI Song,–,
50,1,Mixer,Panel,Volume – Audio Song,○,○,×,×,×,–,×,–,×,×,○,Audio Song,–,
50,1,Mixer,External,Panpot – Mic,○,×,×,×,×,–,○,Mic Setting,×,×,○,Mic Setting,Mic Setting,
50,1,Mixer,External,Volume – Mic,○,×,×,×,×,–,○,Mic Setting,×,×,○,Mic Setting,Mic Setting,
50,1,Mixer,External,Volume – AUX IN,○,○,×,×,×,–,×,–,×,×,×,–,–,
50,1,Mixer,External,Volume – USB Audio Interface,○,○,×,×,×,–,×,–,×,×,×,–,–,
50,1,Mixer,External,Volume – Bluetooth,○,○,×,×,×,–,×,–,×,×,×,–,–,
50,1,Mixer,External,Volume – Wireless LAN,○,○,×,×,×,–,×,–,×,×,×,–,–,
50,1,Mixer,Style,Voice,○,×,×,×,×,–,×,–,○,×,○,Style,–,
50,1,Mixer,Style,Panpot,○,×,×,×,×,–,×,–,○,×,○,Style,–,
50,1,Mixer,Style,Volume,○,×,×,×,×,–,×,–,○,×,○,Style,–,
50,1,Mixer,Song Ch1-8/9-16,Voice,×,×,×,×,×,–,○,Voice,×,×,×,–,–,
50,1,Mixer,Song Ch1-8/9-16,Panpot,×,×,×,×,×,–,○,Pan,×,×,×,–,–,
50,1,Mixer,Song Ch1-8/9-16,Volume,×,×,×,×,×,–,○,Volume,×,×,×,–,–,
50,1,Mixer,Panel,Harmonic Content – Left,○,×,×,×,○,Voice,○,Keyboard Voice,×,○,○,Style,–,
50,1,Mixer,Panel,Harmonic Content – Main,○,×,×,×,○,Voice,○,Keyboard Voice,×,○,○,Voice,–,
50,1,Mixer,Panel,Harmonic Content – Layer,○,×,×,×,○,Voice,○,Keyboard Voice,×,○,○,Voice,–,
50,1,Mixer,Panel,Brightness – Left,○,×,×,×,○,Voice,○,Keyboard Voice,×,○,○,Style,–,
50,1,Mixer,Panel,Brightness – Main,○,×,×,×,○,Voice,○,Keyboard Voice,×,○,○,Voice,–,
50,1,Mixer,Panel,Brightness – Layer,○,×,×,×,○,Voice,○,Keyboard Voice,×,○,○,Voice,–,
50,1,Mixer,Style,Harmonic Content,○,×,×,×,×,–,×,–,○,×,○,Style,–,
50,1,Mixer,Style,Brightness,○,×,×,×,×,–,×,–,○,×,○,Style,–,
50,1,Mixer,Song Ch1-8/9-16,Harmonic Content,×,×,×,×,×,–,○,Filter,×,×,×,–,–,
50,1,Mixer,Song Ch1-8/9-16,Brightness,×,×,×,×,×,–,○,Filter,×,×,×,–,–,
50,1,Mixer,Panel,Reverb Depth – Style Offset,○,×,×,×,×,–,×,–,×,×,○,Style,–,
50,1,Mixer,Panel,Reverb Depth – Left,○,×,×,×,○,Effect,○,Keyboard Voice,×,○,○,Style,–,
50,1,Mixer,Panel,Reverb Depth – Main,○,×,×,×,○,Effect,○,Keyboard Voice,×,○,○,Voice,–,
50,1,Mixer,Panel,Reverb Depth – Layer,○,×,×,×,○,Effect,○,Keyboard Voice,×,○,○,Voice,–,
50,1,Mixer,Panel,Reverb Depth – MIDI Song Offset,○,×,×,×,×,–,×,–,×,×,×,–,–,
50,1,Mixer,Panel,Chorus Depth – Style Offset,○,×,×,×,×,–,×,–,×,×,○,Style,–,
50,1,Mixer,Panel,Chorus Depth – Left,○,×,×,×,○,Effect,○,Keyboard Voice,×,○,○,Style,–,
50,1,Mixer,Panel,Chorus Depth – Main,○,×,×,×,○,Effect,○,Keyboard Voice,×,○,○,Voice,–,
50,1,Mixer,Panel,Chorus Depth – Layer,○,×,×,×,○,Effect,○,Keyboard Voice,×,○,○,Voice,–,
51,1,Mixer,Panel,Chorus Depth – MIDI Song Offset,○,×,×,×,×,–,×,–,×,×,×,–,–,
51,1,Mixer,Panel,DSP2-5 Depth – Left,○,×,×,×,○,Effect,○,Keyboard Voice,×,○,○,Style,–,
51,1,Mixer,Panel,DSP2-5 Depth – Main,○,×,×,×,○,Effect,○,Keyboard Voice,×,○,○,Voice,–,
51,1,Mixer,Panel,DSP2-5 Depth – Layer,○,×,×,×,○,Effect,○,Keyboard Voice,×,○,○,Voice,–,
51,1,Mixer,External,Reverb Depth – Mic,○,×,×,×,×,–,○,Mic Setting,×,×,○,Mic Setting,Mic Setting,
51,1,Mixer,External,Chorus Depth – Mic,○,×,×,×,×,–,○,Mic Setting,×,×,○,Mic Setting,Mic Setting,
51,1,Mixer,External,DSP5 Depth – Mic,○,×,×,×,×,–,○,Mic Setting,×,×,○,Mic Setting,Mic Setting,
51,1,Mixer,Style,Reverb Depth,○,×,×,×,×,–,×,–,○,×,○,Style,–,
51,1,Mixer,Style,Chorus Depth,○,×,×,×,×,–,×,–,○,×,○,Style,–,
51,1,Mixer,Style,DSP1 Depth,○,×,×,×,×,–,×,–,○,×,○,Style,–,
51,1,Mixer,Song Ch1-8/9-16,Reverb Depth,×,×,×,×,×,–,○,Effect,×,×,×,–,–,
51,1,Mixer,Song Ch1-8/9-16,Chorus Depth,×,×,×,×,×,–,○,Effect,×,×,×,–,–,
51,1,Mixer,Song Ch1-8/9-16,DSP1 Depth,×,×,×,×,×,–,×,–,○,×,×,–,–,
51,1,Mixer,Panel,High Gain – Style Offset,○,×,×,×,×,–,×,–,×,×,○,Style,–,
51,1,Mixer,Panel,High Gain – Lef,○,×,×,×,○,EQ,○,Keyboard Voice,×,○,○,Style,–,
51,1,Mixer,Panel,High Gain – Main,○,×,×,×,○,EQ,○,Keyboard Voice,×,○,○,Voice,–,
51,1,Mixer,Panel,High Gain – Layer,○,×,×,×,○,EQ,○,Keyboard Voice,×,○,○,Voice,–,
51,1,Mixer,Panel,High Gain – MIDI Song Offset,×,×,×,×,×,–,×,–,×,×,×,–,–,
51,1,Mixer,Panel,Low Gain – Style Offset,○,×,×,×,×,–,×,–,×,×,○,Style,–,
51,1,Mixer,Panel,Low Gain – Left,○,×,×,×,○,EQ,○,Keyboard Voice,×,○,○,Style,–,
51,1,Mixer,Panel,Low Gain – Main,○,×,×,×,○,EQ,○,Keyboard Voice,×,○,○,Voice,–,
51,1,Mixer,Panel,Low Gain – Layer,○,×,×,×,○,EQ,○,Keyboard Voice,×,○,○,Voice,–,
51,1,Mixer,Panel,Low Gain – MIDI Song Offset,×,×,×,×,×,–,×,–,×,×,×,–,–,
51,1,Mixer,Style,High Gain,○,×,×,×,×,–,×,–,○,×,○,Style,–,
51,1,Mixer,Style,Low Gain,○,×,×,×,×,–,×,–,○,×,○,Style,–,
51,1,Mixer,Song Ch1-8/9-16,High Gain,×,×,×,×,×,–,○,EQ,×,×,×,–,–,
51,1,Mixer,Song Ch1-8/9-16,Low Gain,×,×,×,×,×,–,○,EQ,×,×,×,–,–,
51,1,Mixer,Master EQ,Type,○,○,×,×,×,–,×,–,×,×,×,–,Master EQ,
51,1,Mixer,Master EQ,Parameter – Q/Frequency/Gain,○,×,×,○,×,–,×,–,×,×,×,–,Master EQ,
51,1,Mixer,Compressor,On/Off,○,○,×,×,×,–,×,–,×,×,×,–,–,
51,1,Mixer,Compressor,Type,○,○,×,×,×,–,×,–,×,×,×,–,–,
51,1,Mixer,Compressor,Compression,○,×,×,○,×,–,×,–,×,×,×,–,–,
51,1,Mixer,Compressor,Texture,○,×,×,○,×,–,×,–,×,×,×,–,–,
51,1,Mixer,Compressor,Output,○,×,×,○,×,–,×,–,×,×,×,–,–,
51,1,Effect Type Select,,Reverb,○,×,×,×,×,–,○,Effect,○,×,○,Style/ MIDI Song,Reverb Type,
51,1,Effect Type Select,,Chorus,○,×,×,×,×,–,○,Effect,○,×,○,Style/ MIDI Song,–,
51,1,Effect Type Select,,DSP1,○,×,×,×,×,–,○,Effect,○,×,○,Style/ MIDI Song,–,
51,1,Effect Type Select,,DSP2,○,×,×,×,×,–,○,Effect,×,×,○,Voice/ MIDI Song,–,
51,1,Effect Type Select,,DSP3,○,×,×,×,×,–,○,Effect,×,×,○,Voice/ MIDI Song,–,
51,1,Effect Type Select,,DSP4,○,×,×,×,×,–,○,Effect,×,×,○,Voice/ MIDI Song,–,
51,1,Effect Type Select,,DSP5,○,×,×,×,×,–,○,Effect/ Mic Setting,×,×,○,Voice/ MIDI Song/ Mic Setting,Mic Setting,
51,1,Effect Type Select,Parameter Edit,Reverb – Effect Return Level,○,×,×,×,×,–,○,Effect,○,×,○,Style/ MIDI Song,Reverb Return Level,
51,1,Effect Type Select,Parameter Edit,Reverb – Parameter,○,×,×,○,×,–,○,Effect,×,×,×,–,–,
51,1,Effect Type Select,Parameter Edit,Chorus – Effect Return Level,○,×,×,×,×,–,○,Effect,○,×,○,Style/ MIDI Song,Chorus Return Level,
51,1,Effect Type Select,Parameter Edit,Chorus – Parameter,○,×,×,○,×,–,○,Effect,×,×,×,–,–,
51,1,Effect Type Select,Parameter Edit,DSP1 – Effect Return Level,○,×,×,×,×,–,○,Effect,○,×,○,Style/ MIDI Song,DSP1 (System) Return Level,
51,1,Effect Type Select,Parameter Edit,DSP1 – Parameter,○,×,×,○,×,–,○,Effect,×,×,×,–,–,
52,1,Effect Type Select,Parameter Edit,DSP2 – Parameter,○,×,×,○,×,–,○,Effect,×,×,○,Voice/ MIDI Song,–,
52,1,Effect Type Select,Parameter Edit,DSP3 – Parameter,○,×,×,○,×,–,○,Effect,×,×,○,Voice/ MIDI Song,–,
52,1,Effect Type Select,Parameter Edit,DSP4 – Parameter,○,×,×,○,×,–,○,Effect,×,×,○,Voice/ MIDI Song,–,
52,1,Effect Type Select,Parameter Edit,DSP5 – Parameter,○,×,×,○,×,–,○,Effect/ Mic Setting,×,×,○,Voice/ MIDI Song/ Mic Setting,Mic Setting,
52,1,Mic Setting,,User Setting,○,○,×,○,×,–,×,–,×,×,×,–,–,
52,1,Mic Setting,Mixer,Gain,○,○,×,×,×,–,×,–,×,×,×,–,–,
52,1,Mic Setting,Mixer,Panpot,○,×,×,×,×,–,○,Mic Setting,×,×,○,Mic Setting,Mic Setting,
52,1,Mic Setting,Mixer,Effect Depth – Reverb,○,×,×,×,×,–,○,Mic Setting,×,×,○,Mic Setting,Mic Setting,
52,1,Mic Setting,Mixer,Effect Depth – Chorus,○,×,×,×,×,–,○,Mic Setting,×,×,○,Mic Setting,Mic Setting,
52,1,Mic Setting,Mixer,Volume,○,×,×,×,×,–,○,Mic Setting,×,×,○,Mic Setting,Mic Setting,
52,1,Mic Setting,Vocal,3Band EQ – EQ Low Frequency,○,×,×,○,×,–,×,–,×,×,×,–,–,
52,1,Mic Setting,Vocal,3Band EQ – EQ Low Gain,○,×,×,○,×,–,×,–,×,×,×,–,–,
52,1,Mic Setting,Vocal,3Band EQ – EQ Mid Frequency,○,×,×,○,×,–,×,–,×,×,×,–,–,
52,1,Mic Setting,Vocal,3Band EQ – EQ Mid Gain,○,×,×,○,×,–,×,–,×,×,×,–,–,
52,1,Mic Setting,Vocal,3Band EQ – EQ High Frequency,○,×,×,○,×,–,×,–,×,×,×,–,–,
52,1,Mic Setting,Vocal,3Band EQ – EQ High Gain,○,×,×,○,×,–,×,–,×,×,×,–,–,
52,1,Mic Setting,Vocal,Noise Gate – SW On/Off,○,×,×,○,×,–,×,–,×,×,×,–,–,
52,1,Mic Setting,Vocal,Noise Gate – Threshold,○,×,×,○,×,–,×,–,×,×,×,–,–,
52,1,Mic Setting,Vocal,Compressor – SW On/Off,○,×,×,○,×,–,×,–,×,×,×,–,–,
52,1,Mic Setting,Vocal,Compressor – Threshold,○,×,×,○,×,–,×,–,×,×,×,–,–,
52,1,Mic Setting,Vocal,Compressor – Ratio,○,×,×,○,×,–,×,–,×,×,×,–,–,
52,1,Mic Setting,Vocal,Compressor – Output,○,×,×,○,×,–,×,–,×,×,×,–,–,
52,1,Mic Setting,Talk,3Band EQ – EQ Low Frequency,○,×,×,○,×,–,×,–,×,×,×,–,–,
52,1,Mic Setting,Talk,3Band EQ – EQ Low Gain,○,×,×,○,×,–,×,–,×,×,×,–,–,
52,1,Mic Setting,Talk,3Band EQ – EQ Mid Frequency,○,×,×,○,×,–,×,–,×,×,×,–,–,
52,1,Mic Setting,Talk,3Band EQ – EQ Mid Gain,○,×,×,○,×,–,×,–,×,×,×,–,–,
52,1,Mic Setting,Talk,3Band EQ – EQ High Frequency,○,×,×,○,×,–,×,–,×,×,×,–,–,
52,1,Mic Setting,Talk,3Band EQ – EQ High Gain,○,×,×,○,×,–,×,–,×,×,×,–,–,
52,1,Mic Setting,Talk,Noise Gate – SW On/Off,○,×,×,○,×,–,×,–,×,×,×,–,–,
52,1,Mic Setting,Talk,Noise Gate – Threshold,○,×,×,○,×,–,×,–,×,×,×,–,–,
52,1,Mic Setting,Talk,Compressor – SW On/Off,○,×,×,○,×,–,×,–,×,×,×,–,–,
52,1,Mic Setting,Talk,Compressor – Threshold,○,×,×,○,×,–,×,–,×,×,×,–,–,
52,1,Mic Setting,Talk,Compressor – Ratio,○,×,×,○,×,–,×,–,×,×,×,–,–,
52,1,Mic Setting,Talk,Compressor – Output,○,×,×,○,×,–,×,–,×,×,×,–,–,
52,1,Mic Setting,Talk,Talk Mixing – Reduction Level,○,×,×,○,×,–,×,–,×,×,×,–,–,
52,1,Mic Setting,Talk,Talk Mixing – Panpot,○,×,×,○,×,–,×,–,×,×,×,–,–,
52,1,Mic Setting,Talk,Talk Mixing – Effect Depth – Reverb Depth,○,×,×,○,×,–,×,–,×,×,×,–,–,
52,1,Mic Setting,Talk,Talk Mixing – Effect Depth – Chorus Depth,○,×,×,○,×,–,×,–,×,×,×,–,–,
52,1,Mic Setting,Talk,Talk Mixing – Volume,○,×,×,○,×,–,×,–,×,×,×,–,–,
52,1,Channel On/Off,,Song,○,×,×,×,×,–,×,–,×,×,○,MIDI Song,–,
52,1,Channel On/Off,,Style,○,×,×,×,×,–,×,–,○,×,○,Style,–,
52,1,Piano Room,,Voice,○,○,×,×,×,–,×,–,×,×,×,–,–,
52,1,Piano Room,,Environment,○,○,×,×,×,–,×,–,×,×,×,–,–,
52,1,Piano Room,,Lid Position,○,○,×,×,×,–,×,–,×,×,×,–,–,
52,1,Piano Room,,Brightness,○,○,×,×,×,–,×,–,×,×,×,–,–,
52,1,Piano Room,,Touch,○,○,×,×,×,–,×,–,×,×,×,–,–,
52,1,Piano Room,,VRM,○,○,×,×,×,–,×,–,×,×,×,–,–,
52,1,Piano Room,,Tune,○,○,×,×,×,–,×,–,×,×,×,–,–,
53,1,Menu,Split Point,Manual Bass,○,○,×,×,×,–,×,–,×,×,○,Style,–,
53,1,Menu,Split Point,Chord Detection Area,○,○,×,×,×,–,×,–,×,×,○,Style,Fingering Type,
53,1,Menu,Split Point,Split Point – Style,○,○,×,×,×,–,○,Guide Setting,×,×,○,Style,Split Point,
53,1,Menu,Split Point,Split Point – Left,○,○,×,×,×,–,×,–,×,×,○,Style,Split Point,
53,1,Menu,Chord Fingering,Fingering Type,○,○,×,×,×,–,×,–,×,×,○,Style,Fingering Type,
53,1,Menu,Chord Fingering,Key Signature,○,○,×,×,×,–,×,–,×,×,○,Style,–,
53,1,Menu,Chord Fingering,Type,○,○,×,×,×,–,×,–,×,×,○,Style,–,
53,1,Menu,Keyboard Harmony,Type,○,×,×,×,○,Keyboard Harmony,○,Keyboard Voice,×,×,○,Keyboard Harmony,–,
53,1,Menu,Keyboard Harmony,Volume,○,×,×,×,○,Keyboard Harmony,○,Keyboard Voice,×,×,○,Keyboard Harmony,–,
53,1,Menu,Keyboard Harmony,Assign,○,×,×,×,○,Keyboard Harmony,○,Keyboard Voice,×,×,○,Keyboard Harmony,–,
53,1,Menu,Keyboard Harmony,Speed,○,×,×,×,○,Keyboard Harmony,○,Keyboard Voice,×,×,○,Keyboard Harmony,–,
53,1,Menu,Keyboard Harmony,Chord Note Only,○,×,×,×,○,Keyboard Harmony,○,Keyboard Voice,×,×,○,Keyboard Harmony,–,
53,1,Menu,Keyboard Harmony,Minimum Velocity,○,×,×,×,○,Keyboard Harmony,○,Keyboard Voice,×,×,○,Keyboard Harmony,–,
53,1,Menu,Registration Sequence,Sequence Data,○,×,×,×,×,–,×,–,×,×,○,–,–,One sequence data per Regist Bank file
53,1,Menu,Registration Sequence,Sequence On/Off,○,○,×,×,×,–,×,–,×,×,×,–,–,
53,1,Menu,Registration Sequence,Sequence End,○,×,×,×,×,–,×,–,×,×,○,–,–,One sequence data per Regist Bank file
53,1,Menu,Registration Sequence,Pedal – Prev.,○,○,×,×,×,–,×,–,×,×,×,–,–,
53,1,Menu,Registration Sequence,Pedal – Next,○,○,×,×,×,–,×,–,×,×,×,–,–,
53,1,Menu,Freeze,Freeze Item,○,○,×,×,×,–,×,–,×,×,×,–,–,
53,1,Menu,Pedal,Aux – Function,○,×,×,×,×,–,×,–,×,×,○,Pedal,–,
53,1,Menu,Pedal,Aux – Detail Setting,○,×,×,×,×,–,×,–,×,×,○,Pedal,–,
53,1,Menu,Pedal,Right – Function,○,×,×,×,×,–,×,–,×,×,○,Pedal,–,
53,1,Menu,Pedal,Right – Detail Setting,○,×,×,×,×,–,×,–,×,×,○,Pedal,–,
53,1,Menu,Pedal,Center – Function,○,×,×,×,○,Pedal,○,Keyboard Voice,×,○,○,Pedal,–,
53,1,Menu,Pedal,Center – Detail Setting,○,×,×,×,○,Pedal,○,Keyboard Voice,×,○,○,Pedal,–,
53,1,Menu,Pedal,Left – Function,○,×,×,×,○,Pedal,○,Keyboard Voice,×,○,○,Pedal,–,
53,1,Menu,Pedal,Left – Detail Setting,○,×,×,×,○,Pedal,○,Keyboard Voice,×,○,○,Pedal,–,
53,1,Menu,Setting,Initial Touch – Part On/Off,○,×,×,×,×,–,×,–,×,×,○,Voice,–,
53,1,Menu,Setting,Initial Touch – Touch,○,○,×,×,×,–,×,–,×,×,×,–,–,
53,1,Menu,Setting,Initial Touch – Touch Off Level,○,×,×,×,×,–,×,–,×,×,○,Voice,–,
53,1,Menu,Setting,Pitch Bend Range – Left,○,×,×,×,×,–,○,Keyboard Voice,×,○,○,Style,–,
53,1,Menu,Setting,Pitch Bend Range – Main,○,×,×,×,×,–,○,Keyboard Voice,×,○,○,Voice,–,
53,1,Menu,Setting,Pitch Bend Range – Layer,○,×,×,×,×,–,○,Keyboard Voice,×,○,○,Voice,–,
53,1,Menu,Setting,Switch With Main Voice,○,○,×,×,×,–,×,–,×,×,×,–,–,
53,1,Menu,Setting,Aux Pedal Polarity,○,○,×,×,×,–,×,–,×,×,×,–,–,
53,1,Menu,Master Tune,Master Tune,○,○,×,×,×,–,×,–,×,×,×,–,–,
53,1,Menu,Scale Tune,Type,○,×,×,×,×,–,×,–,×,×,○,Scale Tune,–,
53,1,Menu,Scale Tune,Base Note,○,×,×,×,×,–,×,–,×,×,○,Scale Tune,–,
53,1,Menu,Scale Tune,Tune,○,×,×,×,×,–,×,–,×,×,○,Scale Tune,–,
53,1,Menu,Scale Tune,Part Select,○,×,×,×,×,–,×,–,×,×,○,Scale Tune,–,
54,1,Menu,Piano,VRM On/Off,○,○,×,×,×,–,×,–,×,×,×,–,–,
54,1,Menu,Piano,Damper Resonance Depth,○,○,×,×,×,–,×,–,×,×,×,–,–,
54,1,Menu,Piano,String Resonance Depth,○,○,×,×,×,–,×,–,×,×,×,–,–,
54,1,Menu,Piano,Reverb Depth,○,×,×,×,×,–,×,–,×,×,○,Voice,–,
54,1,Menu,Piano,Chorus Depth,○,×,×,×,×,–,×,–,×,×,○,Voice,–,
54,1,Menu,Piano,Key Off Sampling,○,○,×,×,×,–,×,–,×,×,×,–,–,
54,1,Menu,Tune,Tuning – Left,○,×,×,×,×,–,○,Keyboard Voice,×,○,○,Style,–,
54,1,Menu,Tune,Tuning – Main,○,×,×,×,×,–,○,Keyboard Voice,×,○,○,Voice,–,
54,1,Menu,Tune,Tuning – Layer,○,×,×,×,×,–,○,Keyboard Voice,×,○,○,Voice,–,
54,1,Menu,Tune,Octave – Left,○,×,×,×,○,Voice,○,Keyboard Voice,×,○,○,Style,–,
54,1,Menu,Tune,Octave – Main,○,×,×,×,○,Voice,○,Keyboard Voice,×,○,○,Voice,–,
54,1,Menu,Tune,Octave – Layer,○,×,×,×,○,Voice,○,Keyboard Voice,×,○,○,Voice,–,
54,1,Menu,Tune,Portamento Time – Left,○,×,×,×,○,Voice,○,Keyboard Voice,×,○,○,Style,–,
54,1,Menu,Tune,Portamento Time – Main,○,×,×,×,○,Voice,○,Keyboard Voice,×,○,○,Voice,–,
54,1,Menu,Tune,Portamento Time – Layer,○,×,×,×,○,Voice,○,Keyboard Voice,×,○,○,Voice,–,
54,1,Menu,Voice Set Filter,Voice On/Off – Left,○,○,×,×,×,–,×,–,×,×,×,–,–,
54,1,Menu,Voice Set Filter,Voice On/Off – Main,○,○,×,×,×,–,×,–,×,×,×,–,–,
54,1,Menu,Voice Set Filter,Voice On/Off – Layer,○,○,×,×,×,–,×,–,×,×,×,–,–,
54,1,Menu,Voice Set Filter,Effect On/Off – Left,○,○,×,×,×,–,×,–,×,×,×,–,–,
54,1,Menu,Voice Set Filter,Effect On/Off – Main,○,○,×,×,×,–,×,–,×,×,×,–,–,
54,1,Menu,Voice Set Filter,Effect On/Off – Layer,○,○,×,×,×,–,×,–,×,×,×,–,–,
54,1,Menu,Voice Set Filter,EQ On/Off – Left,○,○,×,×,×,–,×,–,×,×,×,–,–,
54,1,Menu,Voice Set Filter,EQ On/Off – Main,○,○,×,×,×,–,×,–,×,×,×,–,–,
54,1,Menu,Voice Set Filter,EQ On/Off – Layer,○,○,×,×,×,–,×,–,×,×,×,–,–,
54,1,Menu,Voice Set Filter,Keyboard Harmony On/Off – Main,○,○,×,×,×,–,×,–,×,×,×,–,–,
54,1,Menu,Voice Set Filter,Pedal On/Off – Main,○,○,×,×,×,–,×,–,×,×,×,–,–,
54,1,Menu,Setting1,Unison – On/Off,×,×,×,×,×,–,×,–,×,×,×,–,–,
54,1,Menu,Setting1,Unison – Type,○,○,×,×,×,–,×,–,×,×,○,Style,–,
54,1,Menu,Setting1,Accent Threshold,○,○,×,×,×,–,×,–,×,×,○,Style,–,
54,1,Menu,Setting1,Auto Fill-In,○,○,×,×,×,–,×,–,×,×,×,–,–,
54,1,Menu,Setting1,Style Change Behavior – Section Set,○,○,×,×,×,–,×,–,×,×,×,–,–,
54,1,Menu,Setting1,Style Change Behavior – Tempo,○,○,×,×,×,–,×,–,×,×,×,–,–,
54,1,Menu,Setting1,Style Change Behavior – Part On/Off,○,○,×,×,×,–,×,–,×,×,×,–,–,
54,1,Menu,Setting2,OTS Link Timing,○,○,×,×,×,–,×,–,×,×,×,–,–,
54,1,Menu,Setting2,Intro/Ending Set,○,○,×,×,×,–,×,–,×,×,×,–,–,
54,1,Menu,Setting2,Synchro Stop,○,×,×,×,×,–,×,–,×,×,○,Style,–,
54,1,Menu,Setting2,ACMP On/Off Default,○,○,×,×,×,–,×,–,×,×,×,–,–,
54,1,Menu,Setting2,Synchro Stop Timing,○,○,×,×,×,–,×,–,×,×,○,Style,–,
54,1,Menu,Setting2,Stop ACMP,○,○,×,×,×,–,×,–,×,×,○,Style,–,
54,1,Menu,Adaptive,Adaptive – On/Off,○,○,×,×,×,–,×,–,×,×,×,–,–,
54,1,Menu,Adaptive,Adaptive – Sensitivity,○,○,×,×,×,–,×,–,×,×,×,–,–,
54,1,Menu,Adaptive,Adaptive – Auto Section Change,○,○,×,×,×,–,×,–,×,×,×,–,–,
54,1,Menu,Play,Repeat Mode,○,○,×,×,×,–,×,–,×,×,×,–,–,
54,1,Menu,Play,Fast Forward Type,○,○,×,×,×,–,×,–,×,×,×,–,–,
54,1,Menu,Play,Style Synchro Stop,○,○,×,×,×,–,×,–,×,×,○,MIDI Song,–,
54,1,Menu,Play,Chord Detection Priority,○,○,×,×,×,–,×,–,×,×,×,–,–,
54,1,Menu,Play,Quick Start,○,○,×,×,×,–,×,–,×,×,×,–,–,
54,1,Menu,Play,Phrase Mark Repeat,×,×,×,×,×,–,×,–,×,×,×,–,–,
54,1,Menu,Setting,Part Channel – Left,○,○,×,×,×,–,○,–,×,×,×,–,–,
54,1,Menu,Setting,Part Channel – Right,○,○,×,×,×,–,○,–,×,×,×,–,–,
54,1,Menu,Setting,Part Channel – Auto ch Set,○,○,×,×,×,–,×,–,×,×,×,–,–,
54,1,Menu,Setting,Guide Mode,○,○,×,×,×,–,○,Guide Setting,×,×,×,–,–,
54,1,Menu,Setting,Lyrics Language,○,○,×,×,×,–,○,Lyrics Setting,×,×,×,–,–,
55,1,Menu,Metronome Setting,Metronome – Volume,○,○,×,×,×,–,×,–,×,×,×,–,–,
55,1,Menu,Metronome Setting,Metronome – Sound,○,○,×,×,×,–,×,–,×,×,×,–,–,
55,1,Menu,Metronome Setting,Metronome – Time Signature,×,×,×,×,×,–,○,–,○,×,×,–,–,
55,1,Menu,Metronome Setting,Tap Tempo – Volume,○,×,×,×,×,–,○,Keyboard Voice,×,○,○,Style,–,
55,1,Menu,Metronome Setting,Tap Tempo – Sound,○,×,×,×,×,–,○,Keyboard Voice,×,○,○,Style,–,
55,1,Menu,Basic,Pattern Length,×,×,×,×,×,–,×,–,○,×,×,–,–,
55,1,Menu,Basic,Tempo,×,×,×,×,×,–,×,–,○,×,×,–,–,
55,1,Menu,Basic,Time Signature,×,×,×,×,×,–,×,–,○,×,×,–,–,
55,1,Menu,Basic,Drum Setup,×,×,×,×,×,–,×,–,○,×,×,–,–,
55,1,Menu,Basic,Play/Source Root,×,×,×,×,×,–,×,–,○,×,×,–,–,
55,1,Menu,Basic,Play/Source Chord,×,×,×,×,×,–,×,–,○,×,×,–,–,
55,1,Menu,Basic,NTR,×,×,×,×,×,–,×,–,○,×,×,–,–,
55,1,Menu,Basic,NTT,×,×,×,×,×,–,×,–,○,×,×,–,–,
55,1,Menu,Basic,NTT BASS,×,×,×,×,×,–,×,–,○,×,×,–,–,
55,1,Menu,Basic,High Key,×,×,×,×,×,–,×,–,○,×,×,–,–,
55,1,Menu,Basic,Note Limit Low,×,×,×,×,×,–,×,–,○,×,×,–,–,
55,1,Menu,Basic,Note Limit High,×,×,×,×,×,–,×,–,○,×,×,–,–,
55,1,Menu,Basic,RTR,×,×,×,×,×,–,×,–,○,×,×,–,–,
55,1,Menu,Setup,Setup Item,○,○,×,×,×,–,×,–,×,×,×,–,–,
55,1,Menu,Configuration1,Speaker,○,○,×,×,×,–,×,–,×,×,×,–,–,
55,1,Menu,Configuration1,AUX In Noise Gate,○,○,×,×,×,–,×,–,×,×,×,–,–,
55,1,Menu,Configuration1,Audio Loopback,○,○,×,×,×,–,×,–,×,×,×,–,–,
55,1,Menu,Configuration1,Stereophonic Optimizer,○,○,×,×,×,–,×,–,×,×,×,–,–,Cannot be reset with Factory Reset.
55,1,Menu,Configuration1,I.A.C. On/Off,○,○,×,×,×,–,×,–,×,×,×,–,–,
55,1,Menu,Configuration1,I.A.C. Depth,○,○,×,×,×,–,×,–,×,×,×,–,–,
55,1,Menu,Configuration2,Style Tempo,○,○,×,×,×,–,×,–,×,×,×,–,–,
55,1,Menu,Configuration2,Voice Number,○,○,×,×,×,–,×,–,×,×,×,–,–,
55,1,Menu,Configuration2,Time Stamp,○,○,×,×,×,–,×,–,×,×,×,–,–,
55,1,Menu,Configuration2,Voice Category Button Options,○,○,×,×,×,–,×,–,×,×,×,–,–,
55,1,Menu,Configuration2,Pop-up Display Time,○,○,×,×,×,–,×,–,×,×,×,–,–,
55,1,Menu,Parameter Lock,Parameter Lock Item,○,○,×,×,×,–,×,–,×,×,×,–,–,
55,1,Menu,MIDI,Template Selection,○,○,×,×,×,–,×,–,×,×,×,–,–,
55,1,Menu,MIDI,Template Name,○,×,○,×,×,–,×,–,×,×,×,–,–,
55,1,Menu,MIDI Edit – System,Local Control,○,×,○,×,×,–,×,–,×,×,×,–,–,
55,1,Menu,MIDI Edit – System,Clock,○,×,○,×,×,–,×,–,×,×,×,–,–,
55,1,Menu,MIDI Edit – System,Transmit Clock,○,×,○,×,×,–,×,–,×,×,×,–,–,
55,1,Menu,MIDI Edit – System,Receive Transpose,○,×,○,×,×,–,×,–,×,×,×,–,–,
55,1,Menu,MIDI Edit – System,Receive Start/Stop,○,×,○,×,×,–,×,–,×,×,×,–,–,
55,1,Menu,MIDI Edit – System,System Exclusive Message Transmit,○,×,○,×,×,–,×,–,×,×,×,–,–,
55,1,Menu,MIDI Edit – System,System Exclusive Message Receive,○,×,○,×,×,–,×,–,×,×,×,–,–,
55,1,Menu,MIDI Edit – System,Chord System Exclusive Message Transmit,○,×,○,×,×,–,×,–,×,×,×,–,–,
55,1,Menu,MIDI Edit – System,Chord System Exclusive Message Receive,○,×,○,×,×,–,×,–,×,×,×,–,–,
55,1,Menu,MIDI Edit – Transmit,Channel,○,×,○,×,×,–,×,–,×,×,×,–,–,
55,1,Menu,MIDI Edit – Transmit,Filter – Note/CC/PC/PB/AT,○,×,○,×,×,–,×,–,×,×,×,–,–,
55,1,Menu,MIDI Edit – Receive,Part,○,×,○,×,×,–,×,–,×,×,×,–,–,
55,1,Menu,MIDI Edit – Receive,Filter – Note/CC/PC/PB/AT,○,×,○,×,×,–,×,–,×,×,×,–,–,
56,1,Menu,MIDI Edit – Bass,On Bass Note,○,×,○,×,×,–,×,–,×,×,×,–,–,
56,1,Menu,MIDI Edit – Chord Detect,Chord Detect,○,×,○,×,×,–,×,–,×,×,×,–,–,
56,1,Menu,Common,Auto Power Off,○,○,×,×,×,–,×,–,×,×,×,–,–,
56,1,Menu,Common,Language,○,○,×,×,×,–,×,–,×,×,×,–,–,Cannot be reset by System Reset.
56,1,Menu,Common,Owner Name,○,○,×,×,×,–,×,–,×,×,×,–,–,Cannot be reset by System Reset.
56,1,Menu,Wireless LAN*1,Wireless LAN Mode,○,×,×,×,×,–,×,–,×,×,×,–,–,
56,1,Menu,Infrastructure Mode,SSID,○,×,×,×,×,–,×,–,×,×,×,–,–,
56,1,Menu,Infrastructure Mode,Security,○,×,×,×,×,–,×,–,×,×,×,–,–,
56,1,Menu,Infrastructure Mode,Password,○,×,×,×,×,–,×,–,×,×,×,–,–,
56,1,Menu,Infrastructure Mode,DHCP On/Off,○,×,×,×,×,–,×,–,×,×,×,–,–,
56,1,Menu,Infrastructure Mode,IP Address,○,×,×,×,×,–,×,–,×,×,×,–,–,
56,1,Menu,Infrastructure Mode,Subnet Mask,○,×,×,×,×,–,×,–,×,×,×,–,–,
56,1,Menu,Infrastructure Mode,Gateway,○,×,×,×,×,–,×,–,×,×,×,–,–,
56,1,Menu,Infrastructure Mode,DNS Server1,○,×,×,×,×,–,×,–,×,×,×,–,–,
56,1,Menu,Infrastructure Mode,DNS Server2,○,×,×,×,×,–,×,–,×,×,×,–,–,
56,1,Menu,Infrastructure Mode,Host Name,○,×,×,×,×,–,×,–,×,×,×,–,–,This can also be set in the Access Point Mode.
56,1,Menu,Infrastructure Mode,Time Zone,○,×,×,×,×,–,×,–,×,×,×,–,–,
56,1,Menu,Infrastructure Mode,Daylight Saving Time,○,×,×,×,×,–,×,–,×,×,×,–,–,
56,1,Menu,Access Point Mode,SSID,○,×,×,×,×,–,×,–,×,×,×,–,–,
56,1,Menu,Access Point Mode,Security,○,×,×,×,×,–,×,–,×,×,×,–,–,
56,1,Menu,Access Point Mode,Password,○,×,×,×,×,–,×,–,×,×,×,–,–,
56,1,Menu,Access Point Mode,Channel,○,×,×,×,×,–,×,–,×,×,×,–,–,
56,1,Menu,Access Point Mode,DHCP Server,○,×,×,×,×,–,×,–,×,×,×,–,–,
56,1,Menu,Access Point Mode,IP Address,○,×,×,×,×,–,×,–,×,×,×,–,–,
56,1,Menu,Access Point Mode,Subnet Mask,○,×,×,×,×,–,×,–,×,×,×,–,–,
56,1,Menu,Access Point Mode,Host Name,○,×,×,×,×,–,×,–,×,×,×,–,–,This can also be set in the Infrastructure Mode.
56,1,Menu,Bluetooth*2,Bluetooth On/Off,○,○,×,×,×,–,×,–,×,×,×,–,–,
56,1,Menu,Pedal function related parameters,Fade In Time,○,○,×,×,×,–,×,–,×,×,×,–,–,These parameters can be set by either of these operations: • Menu > Controller > Pedal > Aux/Right/ Center/Left – Detail Setting • Voice Selection display > Voice Set – Main > Controller > Center/Left Pedal – Function – Detail Setting
56,1,Menu,Pedal function related parameters,Fade Out Time,○,○,×,×,×,–,×,–,×,×,×,–,–,These parameters can be set by either of these operations: • Menu > Controller > Pedal > Aux/Right/ Center/Left – Detail Setting • Voice Selection display > Voice Set – Main > Controller > Center/Left Pedal – Function – Detail Setting
56,1,Menu,Pedal function related parameters,Fade Out Hold Time,○,○,×,×,×,–,×,–,×,×,×,–,–,These parameters can be set by either of these operations: • Menu > Controller > Pedal > Aux/Right/ Center/Left – Detail Setting • Voice Selection display > Voice Set – Main > Controller > Center/Left Pedal – Function – Detail Setting
